undermine_score,support_score,cp_distance,cop_distance,predict_label,distance_label,gold,distance_to_logtis,distance_to_distance,snorkel_logits_17,snorkel_logits_37,snorkel_logits_57,snorkel_logits_77,snorkel_logits_97,snorkel_distance_01,snorkel_distance_03,snorkel_distance_05,snorkel_distance_07,snorkel_distance_09,snorkel_label
-4.223587,3.430138,0.020014465,0.012878656,1,0,1,0.4086657434289524,0.005550805786759986,1.0,1.0,1.0,0.0,0.0,0.0,0.0,0.0,0.0,0.0,1
-1.6599853999999998,2.5632455000000003,0.27741253,0.15797633,1,0,1,0.22526227929621484,0.09301520224012969,1.0,1.0,0.0,0.0,0.0,-1.0,0.0,0.0,0.0,0.0,1
6.975863,-2.3723919999999996,1.9207759999999998,1.9287682000000002,0,1,1,0.4992598861435101,0.00621780009796526,-1.0,-1.0,-1.0,-1.0,0.0,0.0,0.0,0.0,0.0,0.0,1
1.8122996999999998,-0.92704743,1.0966926000000001,1.6611788,0,1,1,0.14592985199708422,0.4396393706419314,-1.0,0.0,0.0,0.0,0.0,1.0,1.0,1.0,0.0,0.0,1
2.3636642000000005,-1.4785311,1.1793341999999998,1.4221778,0,1,1,0.20489108874442347,0.18913021718143652,-1.0,-1.0,0.0,0.0,0.0,1.0,0.0,0.0,0.0,0.0,1
-0.14259715,0.31811538,0.31345898,0.12050313,1,0,1,0.024107902461384736,0.1502754820793422,0.0,0.0,0.0,0.0,0.0,-1.0,0.0,0.0,0.0,0.0,1
5.1893400000000005,-5.870833999999999,1.7080707999999998,1.7808544999999998,0,1,1,0.5907836916835493,0.056680219617132155,-1.0,-1.0,-1.0,-1.0,-1.0,0.0,0.0,0.0,0.0,0.0,1
4.9766994,-0.7667258000000001,1.3191316000000002,1.7891183000000002,0,1,0,0.3065359654322272,0.36603907718751943,-1.0,-1.0,-1.0,0.0,0.0,1.0,1.0,0.0,0.0,0.0,-1
6.6647644,-2.3380047999999998,1.9578102,1.9627199,0,1,0,0.48078928375166496,0.0038170159184378687,-1.0,-1.0,-1.0,-1.0,0.0,0.0,0.0,0.0,0.0,0.0,-1
-2.499869,2.0185299999999997,0.45105845,0.013398945,1,0,1,0.24104276177583148,0.3408612610238572,1.0,1.0,0.0,0.0,0.0,-1.0,-1.0,0.0,0.0,0.0,1
-3.912886,3.5814877,0.21423429,0.18993616,1,0,1,0.4001463932764321,0.01891756288027708,1.0,1.0,1.0,0.0,0.0,0.0,0.0,0.0,0.0,0.0,1
3.4377102999999996,-1.7020648999999997,1.0917683999999999,1.1698959,0,1,0,0.27426320882736166,0.06084220193620999,-1.0,-1.0,0.0,0.0,0.0,0.0,0.0,0.0,0.0,0.0,-1
-2.28303,2.3072689,0.42603797,0.20001078,1,0,0,0.24488672429155117,0.17603287051981684,1.0,1.0,0.0,0.0,0.0,-1.0,0.0,0.0,0.0,0.0,-1
-1.6092399,1.0260099,0.6004571999999999,0.102158844,1,0,1,0.14036452806052105,0.3880894180864698,1.0,0.0,0.0,0.0,0.0,-1.0,-1.0,0.0,0.0,0.0,1
1.6770337,1.4355392,1.2011003,1.6276030000000001,0,1,1,0.012387915506049507,0.33217185925968234,0.0,0.0,0.0,0.0,0.0,1.0,1.0,0.0,0.0,0.0,1
6.4989667,-1.8290417,1.8949202,1.9682518,0,1,0,0.44471475204470856,0.05710694780917198,-1.0,-1.0,-1.0,-1.0,0.0,0.0,0.0,0.0,0.0,0.0,-1
-3.9840313999999997,4.0418324,0.06030357,0.051696062,1,0,1,0.42856128706454705,0.0066970285527700206,1.0,1.0,1.0,1.0,0.0,0.0,0.0,0.0,0.0,0.0,1
-3.7459807,4.0530787,0.06601095,0.031380832000000004,1,0,1,0.4164357123140915,0.026964561528602868,1.0,1.0,1.0,1.0,0.0,0.0,0.0,0.0,0.0,0.0,1
-3.5966058,3.6805382000000004,0.09430176,0.031254828,1,0,1,0.3885327078039763,0.04909680402130859,1.0,1.0,1.0,0.0,0.0,0.0,0.0,0.0,0.0,0.0,1
-4.508074,3.2939377,0.00674212,0.005174458,1,0,1,0.4165935502322966,0.0012140923311617705,1.0,1.0,1.0,1.0,0.0,0.0,0.0,0.0,0.0,0.0,1
2.5856388,0.0032938984,0.59319067,1.1707501,0,1,1,0.13753608954603694,0.4498213669953198,-1.0,0.0,0.0,0.0,0.0,1.0,1.0,1.0,0.0,0.0,1
-4.915796299999999,4.184451999999999,0.051813543,0.011907756,1,0,1,0.486000779267877,0.031073480481278223,1.0,1.0,1.0,1.0,0.0,0.0,0.0,0.0,0.0,0.0,1
1.6175061000000002,0.9194578000000001,0.9487099,1.8444197,0,1,1,0.036796512647483175,0.6976106208498879,0.0,0.0,0.0,0.0,0.0,1.0,1.0,1.0,1.0,0.0,1
4.633711,-1.274824,1.6943831000000003,1.7049928,0,1,0,0.3153631805212324,0.008256422187149714,-1.0,-1.0,-1.0,0.0,0.0,0.0,0.0,0.0,0.0,0.0,-1
-3.7806091,4.2755165,0.038880587,0.034329295,1,0,1,0.4301791644866048,0.003537872283006885,1.0,1.0,1.0,1.0,0.0,0.0,0.0,0.0,0.0,0.0,1
3.264475,-3.1446035,0.97437984,1.0522799999999999,0,1,0,0.34212358563288237,0.060665139721976645,-1.0,-1.0,-1.0,0.0,0.0,0.0,0.0,0.0,0.0,0.0,-1
-4.290851,3.264986,0.008956432,0.0038850307,1,0,1,0.4034323870162347,0.003942955877188536,1.0,1.0,1.0,0.0,0.0,0.0,0.0,0.0,0.0,0.0,1
-3.296128,2.4268856,0.16278595,0.0030496715999999997,1,0,1,0.3054447062609924,0.12440264446443577,1.0,1.0,1.0,0.0,0.0,-1.0,0.0,0.0,0.0,0.0,1
-4.549434,3.3134785000000004,0.012587547,0.011852145,1,0,0,0.41984947120544597,0.0005658922853375171,1.0,1.0,1.0,1.0,0.0,0.0,0.0,0.0,0.0,0.0,-1
4.39497,-1.1740786,1.6006353000000002,1.8137269,0,1,0,0.2972133222294044,0.1659580741451697,-1.0,-1.0,0.0,0.0,0.0,1.0,0.0,0.0,0.0,0.0,-1
3.1684308,-1.2677199,1.3334923,1.5147538,0,1,1,0.236645545894006,0.1411674170445155,-1.0,-1.0,0.0,0.0,0.0,1.0,0.0,0.0,0.0,0.0,1
-1.4739954,1.8106514,0.15942651,0.04435402,1,0,0,0.1750830426317624,0.08961655635787685,1.0,0.0,0.0,0.0,0.0,-1.0,0.0,0.0,0.0,0.0,-1
5.221180400000001,-1.5058148999999998,1.7385976000000003,1.8177156000000003,0,1,1,0.35912027495119214,0.06161364613079924,-1.0,-1.0,-1.0,0.0,0.0,0.0,0.0,0.0,0.0,0.0,1
4.4300914,-0.4765882000000001,1.6123035,1.8886453999999997,0,1,0,0.26180128956211685,0.21522014051673347,-1.0,-1.0,0.0,0.0,0.0,1.0,0.0,0.0,0.0,0.0,-1
-3.9412644,2.78061,0.11564934,0.0028754473,1,0,1,0.35884649782985056,0.08782630946965503,1.0,1.0,1.0,0.0,0.0,-1.0,0.0,0.0,0.0,0.0,1
-3.6569562000000007,2.9078822,0.15835506,0.034151673,1,0,0,0.35045092985800985,0.09672809344222132,1.0,1.0,1.0,0.0,0.0,-1.0,0.0,0.0,0.0,0.0,-1
6.8322066999999995,-2.1433072,1.9225235,1.9491317,0,1,0,0.4793321419259504,0.02071674520293723,-1.0,-1.0,-1.0,-1.0,0.0,0.0,0.0,0.0,0.0,0.0,-1
-4.115883,2.9061227,0.0063090324,0.003038168,1,0,1,0.37489232636360664,0.002540619947204811,1.0,1.0,1.0,0.0,0.0,0.0,0.0,0.0,0.0,0.0,1
-1.9142758999999998,0.47974062,0.34679633,0.012818158,1,0,0,0.12746754648107372,0.26010975932760894,1.0,0.0,0.0,0.0,0.0,-1.0,-1.0,0.0,0.0,0.0,-1
5.943331,-1.9855123,1.8715211999999999,1.9476402,0,1,0,0.42337430954084565,0.059277895358892725,-1.0,-1.0,-1.0,-1.0,0.0,0.0,0.0,0.0,0.0,0.0,-1
5.977237000000001,-1.3344203000000001,1.8256974,1.8923671000000002,0,1,0,0.39037788187923633,0.05191837226153498,-1.0,-1.0,-1.0,0.0,0.0,0.0,0.0,0.0,0.0,0.0,-1
-3.8172956,3.1398852,0.11435968,0.103140295,1,0,0,0.3714266124240146,0.008731271206612943,1.0,1.0,1.0,0.0,0.0,0.0,0.0,0.0,0.0,0.0,-1
-2.8115864,2.2616652999999998,0.38258606,0.0050038695,1,0,0,0.2707066831518813,0.29407045284864997,1.0,1.0,0.0,0.0,0.0,-1.0,-1.0,0.0,0.0,0.0,-1
-4.311532,3.2138019,0.007681250600000001,0.0021399856,1,0,1,0.40180160904556644,0.004308906027227172,1.0,1.0,1.0,0.0,0.0,0.0,0.0,0.0,0.0,0.0,1
6.0221849999999995,-2.3767433,1.8890433,1.962718,0,1,0,0.4485063211180812,0.05737416891282027,-1.0,-1.0,-1.0,-1.0,0.0,0.0,0.0,0.0,0.0,0.0,-1
0.7755059,-0.47333702,1.1539096000000002,1.9776436999999998,0,1,1,0.06624347812504361,0.6415528359770922,0.0,0.0,0.0,0.0,0.0,1.0,1.0,1.0,1.0,0.0,1
2.9126797000000004,0.5084558,1.4030011,1.8832967,0,1,0,0.12801326053775128,0.37406809390392737,-1.0,0.0,0.0,0.0,0.0,1.0,1.0,0.0,0.0,0.0,-1
6.0753684,-1.6859378,1.9031028000000003,1.9469256000000001,0,1,0,0.41441732444917834,0.03412421944037043,-1.0,-1.0,-1.0,-1.0,0.0,0.0,0.0,0.0,0.0,0.0,-1
4.331799500000001,-0.61710274,1.60235,1.7307493999999999,0,1,0,0.2640586257402579,0.099996129655519,-1.0,-1.0,0.0,0.0,0.0,1.0,0.0,0.0,0.0,0.0,-1
-4.0587955000000004,2.8161964,0.014945567,0.0075650215000000005,1,0,1,0.3670325722263477,0.005741417146809578,1.0,1.0,1.0,0.0,0.0,0.0,0.0,0.0,0.0,0.0,1
-3.9211416,2.717756,0.056867957000000004,0.02312076,1,0,1,0.35441033437379055,0.026276904507168238,1.0,1.0,1.0,0.0,0.0,0.0,0.0,0.0,0.0,0.0,1
3.3650122000000002,-0.10448944,1.5140107,1.7649407,0,1,1,0.18496588079717505,0.19542825487464893,-1.0,0.0,0.0,0.0,0.0,1.0,0.0,0.0,0.0,0.0,1
0.9982291,0.17171028,0.92553496,1.6526146000000002,0,1,0,0.043664893038207135,0.5662741665695538,0.0,0.0,0.0,0.0,0.0,1.0,1.0,1.0,1.0,0.0,-1
4.5418205,-4.1877627,1.1958369,1.2861861,0,1,1,0.46618402360777905,0.07036098993521302,-1.0,-1.0,-1.0,-1.0,0.0,0.0,0.0,0.0,0.0,0.0,1
4.4621825,-3.7638032,1.3349586000000002,1.8638407,0,1,1,0.43926034342171294,0.41190935928546657,-1.0,-1.0,-1.0,-1.0,0.0,1.0,1.0,1.0,0.0,0.0,1
-3.5848758000000003,3.9416050000000005,0.09021592,0.042423964,1,0,0,0.40186292541192137,0.037215569620703166,1.0,1.0,1.0,0.0,0.0,0.0,0.0,0.0,0.0,0.0,-1
4.440580000000001,-3.4971193999999994,1.3775438999999998,1.7333971999999997,0,1,0,0.42384778052530414,0.2771470541297277,-1.0,-1.0,-1.0,-1.0,0.0,1.0,1.0,0.0,0.0,0.0,-1
-0.032758567,-0.04254168,0.45487040000000006,0.8717568000000001,0,1,1,0.0,0.32468226934708316,0.0,0.0,0.0,0.0,0.0,1.0,1.0,0.0,0.0,0.0,1
2.3062146,-2.5610876,0.814561,1.7194922,0,1,1,0.25969606758591796,0.7047926455808179,-1.0,-1.0,0.0,0.0,0.0,1.0,1.0,1.0,1.0,1.0,1
6.182746400000001,-5.3283477,1.4994242,1.5835931,0,1,0,0.6148910960329929,0.06554750527512165,-1.0,-1.0,-1.0,-1.0,-1.0,0.0,0.0,0.0,0.0,0.0,-1
-1.2928073,2.0863907,0.28810418,0.26751816,1,0,1,0.1801380047195582,0.016026411230426457,1.0,0.0,0.0,0.0,0.0,0.0,0.0,0.0,0.0,0.0,1
4.7536830000000005,-0.37554818,1.5965103,1.6660194,0,1,1,0.2736994970886111,0.054129819657917265,-1.0,-1.0,0.0,0.0,0.0,0.0,0.0,0.0,0.0,0.0,1
4.8762274,-0.5058946,1.6219128,1.6500959,0,1,1,0.28721972218836234,0.021943345366550338,-1.0,-1.0,0.0,0.0,0.0,0.0,0.0,0.0,0.0,0.0,1
-2.6283064,1.5202688,0.10870105,0.008303880999999999,1,0,1,0.22127098428210754,0.07818678231528725,1.0,1.0,0.0,0.0,0.0,-1.0,0.0,0.0,0.0,0.0,1
2.1624334,1.3775266000000002,1.2305741000000001,1.7496521,0,1,0,0.04144020225166392,0.4042735026189616,0.0,0.0,0.0,0.0,0.0,1.0,1.0,1.0,0.0,0.0,-1
5.6140566,-1.7591017,1.7544137999999998,1.8183314999999998,0,1,0,0.39366589116268835,0.04977499576127239,-1.0,-1.0,-1.0,0.0,0.0,0.0,0.0,0.0,0.0,0.0,-1
3.5301913999999996,-0.3106634,1.461463,1.6106796,0,1,1,0.2048194220000702,0.11620946442341937,-1.0,-1.0,0.0,0.0,0.0,1.0,0.0,0.0,0.0,0.0,1
1.0247239,-0.85848016,1.0499613,1.7415929,0,1,1,0.10015813507990985,0.5386657014836671,-1.0,0.0,0.0,0.0,0.0,1.0,1.0,1.0,0.0,0.0,1
4.63737,-0.38347447,1.6106998,1.9191499,0,1,1,0.2679048513319107,0.2402273939127089,-1.0,-1.0,0.0,0.0,0.0,1.0,1.0,0.0,0.0,0.0,1
4.0849150000000005,0.64032835,1.4783746000000002,1.8865005000000001,0,1,1,0.18363385825417392,0.31785921344935475,-1.0,0.0,0.0,0.0,0.0,1.0,1.0,0.0,0.0,0.0,1
6.2706876,-1.9418456999999998,1.8665432000000002,1.8689116999999997,0,1,0,0.4385411418463775,0.001837819565796997,-1.0,-1.0,-1.0,-1.0,0.0,0.0,0.0,0.0,0.0,0.0,-1
4.8422313,-2.7465854,1.5187819,1.7098153000000003,0,1,1,0.4051955707004912,0.14877819495981864,-1.0,-1.0,-1.0,0.0,0.0,1.0,0.0,0.0,0.0,0.0,1
-3.7261963,3.949579,0.048814774000000005,0.01619625,1,0,1,0.40984461192056887,0.025397845210409296,1.0,1.0,1.0,0.0,0.0,0.0,0.0,0.0,0.0,0.0,1
-3.2774162000000002,2.1022327,0.19897473,0.16100526,1,0,1,0.2870875035942109,0.029565393143030208,1.0,1.0,0.0,0.0,0.0,0.0,0.0,0.0,0.0,0.0,1
-2.9717984,1.7138324,0.2653178,0.03196764,1,0,1,0.2499834247063269,0.18173631594500805,1.0,1.0,0.0,0.0,0.0,-1.0,0.0,0.0,0.0,0.0,1
5.3108864,-3.81417,1.5180835,1.7220793,0,1,0,0.48732708718327367,0.15887387212079268,-1.0,-1.0,-1.0,-1.0,0.0,1.0,0.0,0.0,0.0,0.0,-1
2.5905514,-2.2164254,0.8148517,1.2239037,0,1,1,0.25647090904820374,0.3185805001415397,-1.0,-1.0,0.0,0.0,0.0,1.0,1.0,0.0,0.0,0.0,1
1.0151303,-1.0295099,0.48645538,0.5699139,0,1,1,0.10878894640012685,0.06499423063912724,-1.0,0.0,0.0,0.0,0.0,0.0,0.0,0.0,0.0,0.0,1
0.52535707,-0.023556259,0.46088892,0.8806485000000001,0,1,1,0.0288233549893093,0.32692002606693193,0.0,0.0,0.0,0.0,0.0,1.0,1.0,0.0,0.0,0.0,1
-1.7907306,2.4541934,0.19304913,0.023697674,1,0,1,0.22642205091272277,0.13189136020342157,1.0,1.0,0.0,0.0,0.0,-1.0,0.0,0.0,0.0,0.0,1
-3.985296,3.8450908999999998,0.050678015,0.047902465,1,0,1,0.4181105649315667,0.0021548476924077363,1.0,1.0,1.0,1.0,0.0,0.0,0.0,0.0,0.0,0.0,1
-2.7318985000000002,3.0179906,0.1511544,0.10108948,1,0,1,0.30688154295466274,0.038985852187397314,1.0,1.0,1.0,0.0,0.0,0.0,0.0,0.0,0.0,0.0,1
-4.272798000000001,3.8438876000000004,0.017034352,0.012940705,1,0,0,0.43341686537286445,0.003181438584437646,1.0,1.0,1.0,1.0,0.0,0.0,0.0,0.0,0.0,0.0,-1
2.7935455,0.8737638000000001,0.78205734,1.8727033,0,1,1,0.10211367433759293,0.8494353244819304,-1.0,0.0,0.0,0.0,0.0,1.0,1.0,1.0,1.0,1.0,1
2.1827612000000003,-1.6743022,0.7947544,0.7951885999999999,0,1,0,0.20568597745887188,0.00033130315429386156,-1.0,-1.0,0.0,0.0,0.0,0.0,0.0,0.0,0.0,0.0,-1
0.7299594,-0.5855264,0.72009844,1.3510636999999999,0,1,0,0.0698063861772051,0.4914161348001911,0.0,0.0,0.0,0.0,0.0,1.0,1.0,1.0,0.0,0.0,-1
1.4921784,-0.93381935,0.7889879,1.5659065,0,1,0,0.12917734926698318,0.6050909019116741,-1.0,0.0,0.0,0.0,0.0,1.0,1.0,1.0,1.0,0.0,-1
0.22998501,0.11402201,1.0741078000000002,1.8964590000000001,0,1,0,0.005676663048924229,0.6404757737088467,0.0,0.0,0.0,0.0,0.0,1.0,1.0,1.0,1.0,0.0,-1
7.0497975,-2.4948995,1.9408553,1.9731945,0,1,1,0.509762205124663,0.02518029561100549,-1.0,-1.0,-1.0,-1.0,0.0,0.0,0.0,0.0,0.0,0.0,1
2.2301972,-0.38425934,1.1991233000000001,1.22504,0,1,1,0.13925286431662692,0.02017817512665396,-1.0,0.0,0.0,0.0,0.0,0.0,0.0,0.0,0.0,0.0,1
-4.3110847,3.7264720000000002,0.028646529,0.013729334,1,0,1,0.4291864210257912,0.011611285398631514,1.0,1.0,1.0,1.0,0.0,0.0,0.0,0.0,0.0,0.0,1
2.7119687000000003,0.74544704,1.3276838,1.9701810000000002,0,1,0,0.10461251862285952,0.5003977079100879,-1.0,0.0,0.0,0.0,0.0,1.0,1.0,1.0,0.0,0.0,-1
1.7317042,-1.5663446,0.72199684,1.7070691999999998,0,1,1,0.1757995496872058,0.7672100434906161,-1.0,0.0,0.0,0.0,0.0,1.0,1.0,1.0,1.0,1.0,1
-0.21752802,0.10913423400000001,0.22617996,0.0074062943000000004,1,0,0,0.016941213270358416,0.1703835124061897,0.0,0.0,0.0,0.0,0.0,-1.0,0.0,0.0,0.0,0.0,-1
5.861915,-1.9105294999999998,1.7505747,1.8520028999999998,0,1,0,0.41501280799906975,0.07898979380381976,-1.0,-1.0,-1.0,-1.0,0.0,1.0,0.0,0.0,0.0,0.0,-1
-1.1335151,0.8805845999999999,0.3587916,0.042366922,1,0,1,0.10715616892461804,0.2464383398010478,1.0,0.0,0.0,0.0,0.0,-1.0,-1.0,0.0,0.0,0.0,1
0.15845159,0.6964738,0.573116,0.42503947,1,0,0,0.02824108640214517,0.11532152865065248,0.0,0.0,0.0,0.0,0.0,-1.0,0.0,0.0,0.0,0.0,-1
1.9303811999999998,-1.0771268999999999,0.8659982,0.9548245000000001,0,1,0,0.16026646048832027,0.0691748896182618,-1.0,0.0,0.0,0.0,0.0,0.0,0.0,0.0,0.0,0.0,-1
-0.8820023000000001,1.3120317,0.43181579999999997,0.05015695,1,0,0,0.11677594175451426,0.2972455313994752,1.0,0.0,0.0,0.0,0.0,-1.0,-1.0,0.0,0.0,0.0,-1
0.5282923,-0.15694132,0.5391676999999999,1.6045361999999999,0,1,0,0.036111405302814516,0.8297481465203311,0.0,0.0,0.0,0.0,0.0,1.0,1.0,1.0,1.0,1.0,-1
-0.6356347,0.26931173,0.47375947,0.3110875,1,0,0,0.0478578445310114,0.12668908791918052,0.0,0.0,0.0,0.0,0.0,-1.0,0.0,0.0,0.0,0.0,-1
5.32979,-1.909202,1.7684336999999999,1.9200108,0,1,0,0.3864929990157897,0.11804792380890965,-1.0,-1.0,-1.0,0.0,0.0,1.0,0.0,0.0,0.0,0.0,-1
4.132701399999999,-0.76593524,1.6078117,1.8983862,0,1,1,0.2613712912345053,0.22630510431674591,-1.0,-1.0,0.0,0.0,0.0,1.0,0.0,0.0,0.0,0.0,1
-3.578292,2.9167376,0.007388413000000001,0.0027362108,1,0,1,0.3467187631864655,0.003616465506595828,1.0,1.0,1.0,0.0,0.0,0.0,0.0,0.0,0.0,0.0,1
7.7645564,-8.325702,1.7672603999999998,1.8031049,0,1,0,0.8597055661855468,0.027910374697622392,-1.0,-1.0,-1.0,-1.0,-1.0,0.0,0.0,0.0,0.0,0.0,-1
7.697469,-8.501755000000001,1.8045761999999999,1.809282,0,1,0,0.8655311609624923,0.003658209788930932,-1.0,-1.0,-1.0,-1.0,-1.0,0.0,0.0,0.0,0.0,0.0,-1
2.41277,-0.49833554,1.3292886,1.7173879,0,1,1,0.15511251970315348,0.3022616321193571,-1.0,0.0,0.0,0.0,0.0,1.0,1.0,0.0,0.0,0.0,1
3.051301,-2.031284,1.4892243,1.6074647,0,1,1,0.27120566653500094,0.09208386153554615,-1.0,-1.0,0.0,0.0,0.0,1.0,0.0,0.0,0.0,0.0,1
3.000514,-1.9434034,1.501903,1.6468561000000002,0,1,1,0.2637921227533711,0.11288886641874332,-1.0,-1.0,0.0,0.0,0.0,1.0,0.0,0.0,0.0,0.0,1
1.9194483,-2.6764584,0.7929783,1.4444611,0,1,0,0.2451865323997078,0.50739608141327,-1.0,-1.0,0.0,0.0,0.0,1.0,1.0,1.0,0.0,0.0,-1
2.2552117999999997,-1.1983786,1.4257777,1.492724,0,1,1,0.18411522300573693,0.05213380029204798,-1.0,0.0,0.0,0.0,0.0,0.0,0.0,0.0,0.0,0.0,1
1.2508605,0.69304264,1.1383687,1.4949895,0,1,1,0.02929941522561092,0.27774481628959374,0.0,0.0,0.0,0.0,0.0,1.0,1.0,0.0,0.0,0.0,1
-2.252242,2.968271,0.13586634,0.109116435,1,0,1,0.27857966930646766,0.02082711117930714,1.0,1.0,0.0,0.0,0.0,0.0,0.0,0.0,0.0,0.0,1
-1.1495428,1.4391648000000001,0.2208113,0.1745835,1,0,1,0.13787625655806937,0.035997337348485,1.0,0.0,0.0,0.0,0.0,0.0,0.0,0.0,0.0,0.0,1
6.625433,-2.1754599999999997,1.8562098000000002,1.9491911,0,1,0,0.4699964377864284,0.07241098313519109,-1.0,-1.0,-1.0,-1.0,0.0,0.0,0.0,0.0,0.0,0.0,-1
5.5189033,-1.6457447,1.8207453000000002,1.8524777,0,1,0,0.38251836832411057,0.02470769355418865,-1.0,-1.0,-1.0,0.0,0.0,0.0,0.0,0.0,0.0,0.0,-1
5.7130160000000005,-1.7655002,1.8467093,1.8688488,0,1,0,0.39929860857029176,0.01723632857258763,-1.0,-1.0,-1.0,0.0,0.0,0.0,0.0,0.0,0.0,0.0,-1
5.9655323,-2.3206112,1.8528721000000001,1.8712482,0,1,0,0.442476541611532,0.014305230054750515,-1.0,-1.0,-1.0,-1.0,0.0,0.0,0.0,0.0,0.0,0.0,-1
-1.2711207,0.65691495,0.92504275,0.0932278,1,0,1,0.10255495275949095,0.6478465510905175,1.0,0.0,0.0,0.0,0.0,-1.0,-1.0,-1.0,-1.0,0.0,1
-1.6123264,0.9804994,0.8758425999999999,0.07493806,1,0,1,0.13809642663385857,0.6237721882971037,1.0,0.0,0.0,0.0,0.0,-1.0,-1.0,-1.0,-1.0,0.0,1
1.3664673999999999,-0.9639460999999999,0.8811539,1.6922123,0,1,0,0.12406715754080307,0.6316804531630027,-1.0,0.0,0.0,0.0,0.0,1.0,1.0,1.0,1.0,0.0,-1
6.195485,-1.7093314,1.8295115000000002,1.8613776999999998,0,1,1,0.4220897666837771,0.0248119027750226,-1.0,-1.0,-1.0,-1.0,0.0,0.0,0.0,0.0,0.0,0.0,1
3.9083080000000003,-0.010307307,1.5708385,1.6989118000000003,0,1,1,0.20897670836780308,0.09974214888635663,-1.0,-1.0,0.0,0.0,0.0,1.0,0.0,0.0,0.0,0.0,1
-3.4668732,2.145784,0.020943046,0.01739788,1,0,0,0.29954475556607124,0.0027542578844956395,1.0,1.0,0.0,0.0,0.0,0.0,0.0,0.0,0.0,0.0,-1
-2.0189426,1.3462157,0.36628973,0.069924295,1,0,1,0.17938740450270188,0.230815334692308,1.0,0.0,0.0,0.0,0.0,-1.0,0.0,0.0,0.0,0.0,1
-4.0275574,2.6890563999999997,0.0035681725,0.0024393797,1,0,1,0.3585652519698396,0.0008722820368416649,1.0,1.0,1.0,0.0,0.0,0.0,0.0,0.0,0.0,0.0,1
3.8507202000000005,-0.38918817,1.6894306000000001,1.9391691999999998,0,1,1,0.22615390180941777,0.1945003410801675,-1.0,-1.0,0.0,0.0,0.0,1.0,0.0,0.0,0.0,0.0,1
1.1231548,-0.9292348,0.81919336,0.958649,0,1,0,0.10920325021862058,0.10860720705277943,-1.0,0.0,0.0,0.0,0.0,1.0,0.0,0.0,0.0,0.0,-1
5.6992617,-2.1722095,1.6823238999999999,1.8927028000000001,0,1,0,0.420307042384033,0.16384530618286564,-1.0,-1.0,-1.0,-1.0,0.0,1.0,0.0,0.0,0.0,0.0,-1
3.2410072999999997,0.041103963,1.502425,1.6120055,0,1,0,0.17055242860831762,0.08533915726424471,-1.0,0.0,0.0,0.0,0.0,1.0,0.0,0.0,0.0,0.0,-1
3.7429821000000003,0.17811239,1.5155711,1.9262726000000003,0,1,0,0.19006451495767498,0.3198652020082488,-1.0,0.0,0.0,0.0,0.0,1.0,1.0,0.0,0.0,0.0,-1
6.064159,-1.8124665,1.857321,1.9454756000000002,0,1,0,0.4205826051594301,0.06865174063743845,-1.0,-1.0,-1.0,-1.0,0.0,0.0,0.0,0.0,0.0,0.0,-1
3.2835414,-1.7185403000000001,1.5497382,1.7870705000000002,0,1,1,0.2669017430581709,0.18483777862551506,-1.0,-1.0,0.0,0.0,0.0,1.0,0.0,0.0,0.0,0.0,1
-1.6053447,1.6181958,0.16236764,0.013031065,1,0,0,0.17181613507452909,0.11630290613694359,1.0,0.0,0.0,0.0,0.0,-1.0,0.0,0.0,0.0,0.0,-1
-3.4934046000000003,2.4255176,0.010167956,0.007973254,1,0,1,0.3159185082399537,0.0017024581744482872,1.0,1.0,1.0,0.0,0.0,0.0,0.0,0.0,0.0,0.0,1
-4.7218485,5.847882299999999,0.0065745709999999995,0.004529476,1,0,1,0.5645632758430599,0.0015859377790722912,1.0,1.0,1.0,1.0,1.0,0.0,0.0,0.0,0.0,0.0,1
-4.360180000000001,3.489931,0.021967292000000003,0.005735159,1,0,1,0.41916506849911417,0.012635415924976719,1.0,1.0,1.0,1.0,0.0,0.0,0.0,0.0,0.0,0.0,1
2.7959788,-1.3457572,1.3689358,1.3889949,0,1,1,0.220905342209761,0.015616023168828186,-1.0,-1.0,0.0,0.0,0.0,0.0,0.0,0.0,0.0,0.0,1
1.7722833999999998,0.7017379,0.434978,1.3042299,0,1,1,0.056711217313421866,0.6770040652153344,0.0,0.0,0.0,0.0,0.0,1.0,1.0,1.0,1.0,0.0,1
-4.0639896,2.7288706,0.005889773399999999,0.0024568439,1,0,1,0.36264159009490754,0.0026668432491134815,1.0,1.0,1.0,0.0,0.0,0.0,0.0,0.0,0.0,0.0,1
-4.2926245000000005,2.932577,0.0022956133,0.0022867918,1,0,1,0.3857557217028445,0.0,1.0,1.0,1.0,0.0,0.0,0.0,0.0,0.0,0.0,0.0,1
-4.2581906,2.8757002000000003,0.0042025447,0.0026179552,1,0,1,0.3808740054823195,0.0012272761995150373,1.0,1.0,1.0,0.0,0.0,0.0,0.0,0.0,0.0,0.0,1
-4.2122774000000005,2.8581855,0.004054129,0.0020232797,1,0,1,0.3774829789294201,0.001574842612426294,1.0,1.0,1.0,0.0,0.0,0.0,0.0,0.0,0.0,0.0,1
-4.3630414,3.041475,0.001263082,0.0009171963,1,0,1,0.39534237973866954,0.00026252016183129725,1.0,1.0,1.0,0.0,0.0,0.0,0.0,0.0,0.0,0.0,1
-4.379959599999999,3.0220196,0.001529634,0.000795722,1,0,1,0.395206734185687,0.0005647318089620172,1.0,1.0,1.0,0.0,0.0,0.0,0.0,0.0,0.0,0.0,1
-4.3474917,2.9004202,0.0024783014999999998,0.0008790492999999999,1,0,1,0.38696988092027035,0.001238696143777537,1.0,1.0,1.0,0.0,0.0,0.0,0.0,0.0,0.0,0.0,1
5.1547456,-1.9758588,1.7859538000000001,1.8711919,0,1,0,0.38069830567728974,0.06638024442994715,-1.0,-1.0,-1.0,0.0,0.0,0.0,0.0,0.0,0.0,0.0,-1
-0.8712466,0.47037673,0.9840075999999999,0.7600937,1,0,1,0.07120376900490719,0.17438694896304371,0.0,0.0,0.0,0.0,0.0,-1.0,0.0,0.0,0.0,0.0,1
-1.1006982,0.11301524,0.732808,0.42954123,1,0,0,0.06436536140559448,0.23619039256274335,0.0,0.0,0.0,0.0,0.0,-1.0,-1.0,0.0,0.0,0.0,-1
-0.92135626,0.36624354,0.59271246,0.34311134,1,0,1,0.06831552542895149,0.19439326571633925,0.0,0.0,0.0,0.0,0.0,-1.0,0.0,0.0,0.0,0.0,1
1.8714732,0.4492805,1.1952863,1.6184473,0,1,1,0.07551122476207997,0.3295691989214094,0.0,0.0,0.0,0.0,0.0,1.0,1.0,0.0,0.0,0.0,1
7.3320913,-3.74115,1.5909355,1.9566019000000001,0,1,0,0.5914823047745502,0.2847899203850782,-1.0,-1.0,-1.0,-1.0,-1.0,1.0,1.0,0.0,0.0,0.0,-1
-3.835525,2.5994002999999997,0.10493803,0.04967624,1,0,0,0.34350542525089717,0.04303339907435894,1.0,1.0,1.0,0.0,0.0,0.0,0.0,0.0,0.0,0.0,-1
5.4870124,-1.1932527,1.7576697000000001,1.9479606,0,1,0,0.3566219524618412,0.14819990388007828,-1.0,-1.0,-1.0,0.0,0.0,1.0,0.0,0.0,0.0,0.0,-1
5.1593480000000005,-1.6879520000000001,0.9296299000000001,1.9458137999999998,0,1,0,0.3655520885874406,0.7914410550178588,-1.0,-1.0,-1.0,0.0,0.0,1.0,1.0,1.0,1.0,1.0,-1
9.482928,-9.231486,1.9342074,1.9397204,0,1,0,1.0,0.0042868920240366985,-1.0,-1.0,-1.0,-1.0,-1.0,0.0,0.0,0.0,0.0,0.0,-1
2.983883,-1.4339913999999998,1.5929898,1.7950914,0,1,0,0.23566844561812178,0.15739858732181108,-1.0,-1.0,0.0,0.0,0.0,1.0,0.0,0.0,0.0,0.0,-1
2.4315463999999998,-1.6682036,1.3245042999999999,1.6560825000000001,0,1,0,0.21866065744406585,0.2582405574431296,-1.0,-1.0,0.0,0.0,0.0,1.0,1.0,0.0,0.0,0.0,-1
-3.3252172,3.2525277000000004,0.17469102,0.10711019999999999,1,0,0,0.3511409461474503,0.05262799188250826,1.0,1.0,1.0,0.0,0.0,0.0,0.0,0.0,0.0,0.0,-1
-2.5530944,2.684514,0.21353316,0.19981003,1,0,1,0.2794936354843237,0.010681295987008784,1.0,1.0,0.0,0.0,0.0,0.0,0.0,0.0,0.0,0.0,1
0.8148325,0.58840376,1.0552924,1.6127312,0,1,1,0.011582459355055872,0.43415055103875244,0.0,0.0,0.0,0.0,0.0,1.0,1.0,1.0,0.0,0.0,1
-2.8033197,4.0895042,0.49543518,0.33593714,1,0,1,0.36798591902627803,0.12421709410541679,1.0,1.0,1.0,0.0,0.0,-1.0,0.0,0.0,0.0,0.0,1
-3.9051112999999997,4.5094423,0.22536147,0.09164941,1,0,1,0.44934169178614713,0.10413385879719195,1.0,1.0,1.0,1.0,0.0,-1.0,0.0,0.0,0.0,0.0,1
-3.5405297,4.310813400000001,0.15587401,0.007856905,1,0,1,0.4192309398871915,0.11527524589319317,1.0,1.0,1.0,1.0,0.0,-1.0,0.0,0.0,0.0,0.0,1
-3.3174956,2.1732397,0.01483655,0.011418461999999999,1,0,1,0.293026482057411,0.002655284047685921,1.0,1.0,0.0,0.0,0.0,0.0,0.0,0.0,0.0,0.0,1
2.7345188,1.2333595,1.3104673999999998,1.3659661,0,1,1,0.07973299211354816,0.04321791481806449,0.0,0.0,0.0,0.0,0.0,0.0,0.0,0.0,0.0,0.0,1
1.8441609,1.4060188999999998,1.1883986,1.6709494999999999,0,1,1,0.022901221071286462,0.3758246189842476,0.0,0.0,0.0,0.0,0.0,1.0,1.0,0.0,0.0,0.0,1
-4.208698,2.8327557999999997,0.004043758,0.0006771087599999999,1,0,1,0.3759320742269829,0.0026152213189843867,1.0,1.0,1.0,0.0,0.0,0.0,0.0,0.0,0.0,0.0,1
-4.1617584,2.9022799,0.0023536086,0.0016102791,1,0,1,0.3771395024909481,0.0005720665648454529,1.0,1.0,1.0,0.0,0.0,0.0,0.0,0.0,0.0,0.0,1
-4.355522000000001,2.9749236,0.0013994575,0.0006008148,1,0,1,0.3913823550556121,0.0006151468748143192,1.0,1.0,1.0,0.0,0.0,0.0,0.0,0.0,0.0,0.0,1
0.20742433,-0.09043043,0.47864944,0.7833876999999999,0,1,1,0.015401086968265915,0.23733645255052346,0.0,0.0,0.0,0.0,0.0,1.0,1.0,0.0,0.0,0.0,1
3.5456227999999994,-0.86785233,1.4956343,1.5369864,0,1,0,0.23543324878229124,0.0321999315336851,-1.0,-1.0,0.0,0.0,0.0,0.0,0.0,0.0,0.0,0.0,-1
5.1237183,-0.8111434000000001,1.6126797,1.7441205000000002,0,1,0,0.3167706768871884,0.10236490337931935,-1.0,-1.0,-1.0,0.0,0.0,1.0,0.0,0.0,0.0,0.0,-1
2.4687853,0.6447183000000001,1.3386579,1.8475578000000001,0,1,1,0.09699650840268408,0.3963463585937727,-1.0,0.0,0.0,0.0,0.0,1.0,1.0,1.0,0.0,0.0,1
5.618393,-1.2317194,1.6650387999999998,1.6832155,0,1,0,0.3657024470744372,0.014149928719666388,-1.0,-1.0,-1.0,0.0,0.0,0.0,0.0,0.0,0.0,0.0,-1
4.117769,-0.6772541,1.5579246999999998,1.8754778000000003,0,1,0,0.2558318320157718,0.24731720360816267,-1.0,-1.0,0.0,0.0,0.0,1.0,1.0,0.0,0.0,0.0,-1
2.3809435000000003,0.83515835,1.1915066,1.4016676000000001,0,1,1,0.08211881037799816,0.16367559624848785,0.0,0.0,0.0,0.0,0.0,1.0,0.0,0.0,0.0,0.0,1
-2.2531903,0.77641284,0.26335377,0.25491620000000004,1,0,1,0.16144772090096793,0.006564673496192371,1.0,0.0,0.0,0.0,0.0,0.0,0.0,0.0,0.0,0.0,1
6.0166345,-4.579871,1.9836147000000002,1.9855813999999998,0,1,0,0.5659947234969459,0.0015248803660131342,-1.0,-1.0,-1.0,-1.0,-1.0,0.0,0.0,0.0,0.0,0.0,-1
5.6588426,-2.0743139,1.7907015,1.8578689,0,1,0,0.41291236558791766,0.05230600252468176,-1.0,-1.0,-1.0,-1.0,0.0,0.0,0.0,0.0,0.0,0.0,-1
3.5405822,-4.5661592,1.5011861,1.5499207,0,1,1,0.43288522162859194,0.03794974149487221,-1.0,-1.0,-1.0,-1.0,0.0,0.0,0.0,0.0,0.0,0.0,1
1.1307441999999999,-1.2839991000000002,1.1608357,1.7136234000000001,0,1,1,0.1285756560249197,0.43052807340780397,-1.0,0.0,0.0,0.0,0.0,1.0,1.0,1.0,0.0,0.0,1
6.1080775,-6.848669999999999,1.4557171,1.473905,0,1,1,0.6921796246724299,0.01415865176356271,-1.0,-1.0,-1.0,-1.0,-1.0,0.0,0.0,0.0,0.0,0.0,1
2.3841162000000002,-2.7977833999999997,1.3177793,1.5401788,0,1,1,0.2765152928302209,0.17320746881333554,-1.0,-1.0,0.0,0.0,0.0,1.0,0.0,0.0,0.0,0.0,1
6.401258,-1.7650254,1.8399131999999998,1.9066205000000003,0,1,0,0.4360684974900463,0.05194765676604453,-1.0,-1.0,-1.0,-1.0,0.0,0.0,0.0,0.0,0.0,0.0,-1
6.0965742999999994,-1.4490664,1.7941155,1.8376188000000002,0,1,0,0.40288726532623187,0.033875379036361376,-1.0,-1.0,-1.0,0.0,0.0,0.0,0.0,0.0,0.0,0.0,-1
5.002667,-0.8002873,1.6399894,1.650145,0,1,0,0.3097185516248996,0.007902749487742488,-1.0,-1.0,-1.0,0.0,0.0,0.0,0.0,0.0,0.0,0.0,-1
6.523112,-1.8500607,1.8658403000000001,1.9068801,0,1,0,0.44712935729796643,0.03195669880075195,-1.0,-1.0,-1.0,-1.0,0.0,0.0,0.0,0.0,0.0,0.0,-1
5.5511384,-1.7144451,1.8301009999999998,1.8735819,0,1,0,0.38791465230371863,0.03385793294856856,-1.0,-1.0,-1.0,0.0,0.0,0.0,0.0,0.0,0.0,0.0,-1
6.350074299999999,-1.6369575,1.8561252000000001,1.9503005,0,1,0,0.4264852236428952,0.0733409219220056,-1.0,-1.0,-1.0,-1.0,0.0,0.0,0.0,0.0,0.0,0.0,-1
6.085986,-1.5005978000000002,1.8161025000000002,1.9118203999999999,0,1,0,0.40507619384598453,0.07454236545009585,-1.0,-1.0,-1.0,0.0,0.0,0.0,0.0,0.0,0.0,0.0,-1
-3.9160516000000003,3.4034949999999995,0.025328577,0.007373154,1,0,0,0.39079966512893854,0.01397758863178525,1.0,1.0,1.0,0.0,0.0,0.0,0.0,0.0,0.0,0.0,-1
-0.6395973,1.4627066999999998,0.53582335,0.11852503,1,0,0,0.11187180862544227,0.325003090440102,1.0,0.0,0.0,0.0,0.0,-1.0,-1.0,0.0,0.0,0.0,-1
2.5191462000000002,-1.019924,1.4966198999999998,1.9487787,0,1,1,0.1886852035905669,0.35215393841243714,-1.0,0.0,0.0,0.0,0.0,1.0,1.0,0.0,0.0,0.0,1
3.150692,-0.62327474,1.3710177,1.5564746,0,1,1,0.20124340596403667,0.14443497582692869,-1.0,-1.0,0.0,0.0,0.0,1.0,0.0,0.0,0.0,0.0,1
-4.714556,5.8497443,0.0045393705,0.0033678412,1,0,1,0.5642729466709524,0.0009055670694737378,1.0,1.0,1.0,1.0,1.0,0.0,0.0,0.0,0.0,0.0,1
6.696817,-2.738644,1.8769206000000003,1.9075671000000003,0,1,1,0.5039221540346455,0.023861947717839047,-1.0,-1.0,-1.0,-1.0,0.0,0.0,0.0,0.0,0.0,0.0,1
6.3041596,-2.2071172999999997,1.8247997999999999,1.8912968999999997,0,1,1,0.4545127801965164,0.05178394392434524,-1.0,-1.0,-1.0,-1.0,0.0,0.0,0.0,0.0,0.0,0.0,1
2.9516419999999997,1.1123086000000002,1.311194,1.8567235,0,1,0,0.09781269130905783,0.42487507365700294,-1.0,0.0,0.0,0.0,0.0,1.0,1.0,1.0,0.0,0.0,-1
4.912086,-1.2574579,1.8161262999999999,1.9156107,0,1,1,0.3293174200663392,0.07747587838186877,-1.0,-1.0,-1.0,0.0,0.0,0.0,0.0,0.0,0.0,0.0,1
6.1584744,-1.8226247,1.8594306,1.9184026,0,1,0,0.42616804550471965,0.045923070922119995,-1.0,-1.0,-1.0,-1.0,0.0,0.0,0.0,0.0,0.0,0.0,-1
1.7802223000000001,-1.3849088,0.8475259,1.579919,0,1,1,0.16869341106287292,0.5704125187857906,-1.0,0.0,0.0,0.0,0.0,1.0,1.0,1.0,1.0,0.0,1
2.4438696,-0.8166392,0.82611454,0.95356125,0,1,0,0.17379256006913796,0.09925413352251222,-1.0,0.0,0.0,0.0,0.0,1.0,0.0,0.0,0.0,0.0,-1
2.4193512999999998,-1.4710729999999999,0.79908854,1.2625316,0,1,0,0.20746954112294747,0.3609426076373099,-1.0,-1.0,0.0,0.0,0.0,1.0,1.0,0.0,0.0,0.0,-1
1.4904118999999998,0.4405719,0.875073,0.89153695,0,1,1,0.05560424545575261,0.012815965020238821,0.0,0.0,0.0,0.0,0.0,0.0,0.0,0.0,0.0,0.0,1
-4.4472833,3.1351836,0.005413294,0.0042120814000000005,1,0,1,0.40485609327170047,0.0009286857059818179,1.0,1.0,1.0,0.0,0.0,0.0,0.0,0.0,0.0,0.0,1
-2.1201618,1.3527712,0.2795781,0.0154572725,1,0,1,0.1851493305546565,0.20570184124184174,1.0,0.0,0.0,0.0,0.0,-1.0,0.0,0.0,0.0,0.0,1
-2.5876837000000004,1.3309354,0.12749243,0.0025131106,1,0,1,0.20897691115181005,0.09733242311952951,1.0,1.0,0.0,0.0,0.0,-1.0,0.0,0.0,0.0,0.0,1
-4.038157,3.0952167999999998,0.05487287,0.030885397999999998,1,0,0,0.38084636526834664,0.01867560900788663,1.0,1.0,1.0,0.0,0.0,0.0,0.0,0.0,0.0,0.0,-1
6.5218706,-4.9416986,1.8757888999999999,1.9132967,0,1,0,0.6123502867389141,0.029205824600560863,-1.0,-1.0,-1.0,-1.0,-1.0,0.0,0.0,0.0,0.0,0.0,-1
6.7612147,-2.555429,1.9027555,1.9659487,0,1,0,0.49756986081283266,0.04921072385922293,-1.0,-1.0,-1.0,-1.0,0.0,0.0,0.0,0.0,0.0,0.0,-1
-4.0816665,3.0063124,0.08163875,0.00811702,1,0,1,0.3784194315173283,0.05725502926774574,1.0,1.0,1.0,0.0,0.0,0.0,0.0,0.0,0.0,0.0,1
-4.4512243,3.0902580000000004,0.028496027,0.009631932,1,0,0,0.40266494605005254,0.014685301644592804,1.0,1.0,1.0,0.0,0.0,0.0,0.0,0.0,0.0,0.0,-1
-2.2584672,3.2966347000000003,0.45875645,0.33740973,1,0,1,0.2964676940433014,0.09450319776021732,1.0,1.0,0.0,0.0,0.0,-1.0,0.0,0.0,0.0,0.0,1
6.545158,-7.711251299999999,1.6548095,1.6951303,0,1,0,0.7616630487427377,0.03139671053633027,-1.0,-1.0,-1.0,-1.0,-1.0,0.0,0.0,0.0,0.0,0.0,-1
-3.1766415,3.0569816000000003,0.042412995999999994,0.038939297000000005,1,0,1,0.3327432668733209,0.0026985962971612424,1.0,1.0,1.0,0.0,0.0,0.0,0.0,0.0,0.0,0.0,1
-4.4409056,5.047984,0.06210953,0.0430367,1,0,1,0.5067785910487077,0.014847873480996254,1.0,1.0,1.0,1.0,0.0,0.0,0.0,0.0,0.0,0.0,1
6.476362,-6.6524715,1.5952983,1.7506869999999999,0,1,0,0.7013798062231711,0.12101656256922916,-1.0,-1.0,-1.0,-1.0,-1.0,1.0,0.0,0.0,0.0,0.0,-1
2.6266147999999996,-2.8949177,1.3191495,1.9424427,0,1,0,0.2946729834070529,0.48544080300055353,-1.0,-1.0,0.0,0.0,0.0,1.0,1.0,1.0,0.0,0.0,-1
8.074327,-7.926138000000001,1.7120076000000002,1.8477964,0,1,0,0.8549049689140762,0.10575131363482072,-1.0,-1.0,-1.0,-1.0,-1.0,1.0,0.0,0.0,0.0,0.0,-1
3.5758953,-4.1707754,1.0109454,1.5976290000000002,0,1,1,0.4136348711578829,0.45692766480142416,-1.0,-1.0,-1.0,-1.0,0.0,1.0,1.0,1.0,0.0,0.0,1
5.590564700000001,-1.9593483,1.8637042000000001,1.8815209,0,1,0,0.4031156740035167,0.01386954516585272,-1.0,-1.0,-1.0,0.0,0.0,0.0,0.0,0.0,0.0,0.0,-1
7.184765,-5.8375715999999995,1.8650415,1.8678113,0,1,0,0.6956861948045134,0.0021503693439788056,-1.0,-1.0,-1.0,-1.0,-1.0,0.0,0.0,0.0,0.0,0.0,-1
-2.7969484000000002,2.5257937999999998,0.11291957,0.10715383,1,0,1,0.2840451179762434,0.004483736855677886,1.0,1.0,0.0,0.0,0.0,0.0,0.0,0.0,0.0,0.0,1
-4.104364,2.9958897,0.23884629999999998,0.2014243,1,0,1,0.3790756754215335,0.029138999853568503,1.0,1.0,1.0,0.0,0.0,0.0,0.0,0.0,0.0,0.0,1
-4.449879,4.0362849999999995,0.025541604,0.0071822405,1,0,1,0.45317017685129574,0.01429219494544958,1.0,1.0,1.0,1.0,0.0,0.0,0.0,0.0,0.0,0.0,1
4.3015504,-1.3253083,1.3065790000000002,1.6030296,0,1,0,0.30030400604718444,0.23088166487386483,-1.0,-1.0,0.0,0.0,0.0,1.0,0.0,0.0,0.0,0.0,-1
5.358933,-2.435722,1.7382927,1.815,0,1,0,0.4162002412146291,0.059736088816416094,-1.0,-1.0,-1.0,-1.0,0.0,0.0,0.0,0.0,0.0,0.0,-1
5.116869400000001,-2.7105181000000003,1.6275289,1.6940074,0,1,0,0.4179502089203671,0.051769457440731734,-1.0,-1.0,-1.0,-1.0,0.0,0.0,0.0,0.0,0.0,0.0,-1
-4.0079274,2.4682236,0.017176867,0.0008491277699999998,1,0,0,0.3457094623286164,0.012709878187571433,1.0,1.0,1.0,0.0,0.0,0.0,0.0,0.0,0.0,0.0,-1
2.134912,-0.13350475,1.2312405,1.6001733999999999,0,1,1,0.12075264412567396,0.2873340117143321,-1.0,0.0,0.0,0.0,0.0,1.0,1.0,0.0,0.0,0.0,1
4.467146400000001,-0.43806540000000005,1.6576304,1.7795081000000001,0,1,1,0.26172281701652816,0.09491674792522815,-1.0,-1.0,0.0,0.0,0.0,1.0,0.0,0.0,0.0,0.0,1
-3.115004,3.0995321,0.060699403,0.013148665,1,0,1,0.33172282438956857,0.0370276986204705,1.0,1.0,1.0,0.0,0.0,0.0,0.0,0.0,0.0,0.0,1
-0.73344356,0.7200156,0.15519834,0.019049764,1,0,0,0.0771828140165747,0.10603152272775632,0.0,0.0,0.0,0.0,0.0,-1.0,0.0,0.0,0.0,0.0,-1
1.9320031000000002,-0.7076331,1.1696203,1.6074369,0,1,1,0.14059903683145053,0.34098361339715244,-1.0,0.0,0.0,0.0,0.0,1.0,1.0,0.0,0.0,0.0,1
-0.05076287,0.9171046,0.35444713,0.28221667,1,0,1,0.05122177298167819,0.05624933240237737,0.0,0.0,0.0,0.0,0.0,0.0,0.0,0.0,0.0,0.0,1
1.8397918000000002,-0.87049395,1.3297222,1.6674898,0,1,1,0.14437615226488593,0.26306112957638667,-1.0,0.0,0.0,0.0,0.0,1.0,1.0,0.0,0.0,0.0,1
7.798317,-8.534706,1.8542968999999998,1.8682983,0,1,0,0.8726844162610501,0.010898024685674612,-1.0,-1.0,-1.0,-1.0,-1.0,0.0,0.0,0.0,0.0,0.0,-1
5.17034,-1.8900765,1.7725205000000002,1.9525150000000002,0,1,0,0.37694587129758855,0.14018062270373347,-1.0,-1.0,-1.0,0.0,0.0,1.0,0.0,0.0,0.0,0.0,-1
5.6266775,-4.5980906,1.8422589,1.8880703,0,1,1,0.5461206397876353,0.03567302703790757,-1.0,-1.0,-1.0,-1.0,-1.0,0.0,0.0,0.0,0.0,0.0,1
-2.7118154,2.414701,0.41184837,0.006836772,1,0,1,0.2735543576300245,0.31543366049822114,1.0,1.0,0.0,0.0,0.0,-1.0,-1.0,0.0,0.0,0.0,1
2.677857,-0.5533916,1.4313331,1.64463,0,1,1,0.17222823088366673,0.16611797065516395,-1.0,0.0,0.0,0.0,0.0,1.0,0.0,0.0,0.0,0.0,1
-1.3575051,2.1222472000000003,0.38634509999999994,0.03509587,1,0,1,0.18551390871934723,0.27356120549471213,1.0,0.0,0.0,0.0,0.0,-1.0,-1.0,0.0,0.0,0.0,1
8.474216,-8.495822,1.6968528999999999,1.7607901000000001,0,1,0,0.906740955727046,0.049790183203770835,-1.0,-1.0,-1.0,-1.0,-1.0,0.0,0.0,0.0,0.0,0.0,-1
-0.75507194,1.8872662,0.4648996,0.38657016,1,0,1,0.14074348982901694,0.06099948153303512,1.0,0.0,0.0,0.0,0.0,0.0,0.0,0.0,0.0,0.0,1
1.5924994,-2.1260686,1.0145936,1.6931205000000003,0,1,0,0.19828163995354015,0.5284591949346165,-1.0,-1.0,0.0,0.0,0.0,1.0,1.0,1.0,0.0,0.0,-1
-0.4133107,-1.0073811,0.8340816999999999,0.9595332000000001,0,1,0,0.031237573760735802,0.09770017777139003,0.0,0.0,0.0,0.0,0.0,1.0,0.0,0.0,0.0,0.0,-1
-2.4897335,3.746789,0.20605469,0.17586482,1,0,1,0.3328982766148932,0.023506304545122904,1.0,1.0,1.0,0.0,0.0,0.0,0.0,0.0,0.0,0.0,1
6.912575,-6.1604985999999995,1.7207736,1.7781396,0,1,0,0.6983987316252889,0.04467224873483027,-1.0,-1.0,-1.0,-1.0,-1.0,0.0,0.0,0.0,0.0,0.0,-1
-0.76805216,1.3193503999999998,0.49125463,0.38202137,1,0,1,0.11107513746470005,0.08506871174972754,1.0,0.0,0.0,0.0,0.0,-1.0,0.0,0.0,0.0,0.0,1
-0.01971236,0.94827145,0.6472754,0.30362183,1,0,1,0.05122799283176252,0.26764537731593935,0.0,0.0,0.0,0.0,0.0,-1.0,-1.0,0.0,0.0,0.0,1
6.163621,-4.614073,1.6881738000000002,1.7813897,0,1,0,0.5756815492405072,0.07259369975109296,-1.0,-1.0,-1.0,-1.0,-1.0,0.0,0.0,0.0,0.0,0.0,-1
4.535784,-1.0248959,1.6604903000000002,1.7919147000000002,0,1,0,0.29676590896310906,0.10235213035075655,-1.0,-1.0,0.0,0.0,0.0,1.0,0.0,0.0,0.0,0.0,-1
-3.9357555,3.3234806000000003,0.07600355,0.07336485400000001,1,0,1,0.3875753031853989,0.002048259884425572,1.0,1.0,1.0,0.0,0.0,0.0,0.0,0.0,0.0,0.0,1
5.0483685,-1.5845615,1.3947027,1.9478418999999998,0,1,0,0.3540912903875151,0.4308018367943742,-1.0,-1.0,-1.0,0.0,0.0,1.0,1.0,1.0,0.0,0.0,-1
-3.8013383999999997,2.6189259999999996,0.06496805,0.0038060546000000003,1,0,1,0.3427216140071163,0.04762873395847268,1.0,1.0,1.0,0.0,0.0,0.0,0.0,0.0,0.0,0.0,1
2.4493694,0.80986726,1.1897886,1.7007773000000002,0,1,0,0.08712917334993654,0.39797320628045446,0.0,0.0,0.0,0.0,0.0,1.0,1.0,1.0,0.0,0.0,-1
-0.8410926999999999,1.0183806,0.29852182,0.28097022,1,0,1,0.09888942466571539,0.013663073832197519,1.0,0.0,0.0,0.0,0.0,0.0,0.0,0.0,0.0,0.0,1
3.584338,-1.2428373,1.4283137,1.6880993999999998,0,1,0,0.2575507753188629,0.2023254566454968,-1.0,-1.0,0.0,0.0,0.0,1.0,0.0,0.0,0.0,0.0,-1
-3.1355944,3.2033186000000002,0.063856125,0.007654071,1,0,0,0.33837234881757766,0.043765717301700036,1.0,1.0,1.0,0.0,0.0,0.0,0.0,0.0,0.0,0.0,-1
-1.3192506000000002,1.4706620000000001,0.40202832,0.37639737,1,0,0,0.148633218361568,0.019955620680814735,1.0,0.0,0.0,0.0,0.0,0.0,0.0,0.0,0.0,0.0,-1
2.504836,-2.7699807,1.3211258999999997,1.7344341,0,1,1,0.281482891526038,0.3218954125908193,-1.0,-1.0,0.0,0.0,0.0,1.0,1.0,0.0,0.0,0.0,1
1.1135256000000002,0.13366967,1.0554017,1.721862,0,1,1,0.05186270837743265,0.5190612055167144,0.0,0.0,0.0,0.0,0.0,1.0,1.0,1.0,0.0,0.0,1
4.756039,-3.8434574999999995,1.4986101,1.5472424,0,1,1,0.45922923787659353,0.037870065834996906,-1.0,-1.0,-1.0,-1.0,0.0,0.0,0.0,0.0,0.0,0.0,1
3.2196894,-2.8366275,1.3700874,1.6173072,0,1,1,0.32326399935549827,0.19253859081532,-1.0,-1.0,-1.0,0.0,0.0,1.0,0.0,0.0,0.0,0.0,1
1.4909042,0.38413376,1.0794603999999999,1.4687068,0,1,1,0.05864790027812967,0.3031550431598553,0.0,0.0,0.0,0.0,0.0,1.0,1.0,0.0,0.0,0.0,1
3.2756217,-1.7740666,1.3126266000000002,1.3756776000000002,0,1,1,0.2694469202545349,0.049099972355466655,-1.0,-1.0,0.0,0.0,0.0,0.0,0.0,0.0,0.0,0.0,1
5.484058999999999,-5.0061774,1.6550064999999998,1.8522714,0,1,1,0.5603132908804992,0.15363155639200785,-1.0,-1.0,-1.0,-1.0,-1.0,1.0,0.0,0.0,0.0,0.0,1
-1.8905207999999998,2.0983862999999996,0.33801925,0.27240998,1,0,0,0.21273469714740809,0.051092463561617174,1.0,1.0,0.0,0.0,0.0,0.0,0.0,0.0,0.0,0.0,-1
-1.8422738,2.380785,0.30081934,0.17151229999999998,1,0,0,0.22525307836618635,0.10070303890213901,1.0,1.0,0.0,0.0,0.0,-1.0,0.0,0.0,0.0,0.0,-1
2.9539902000000002,-3.5950830000000003,1.4117274,1.8063421999999998,0,1,1,0.34960807975873537,0.3073361850217767,-1.0,-1.0,-1.0,0.0,0.0,1.0,1.0,0.0,0.0,0.0,1
2.6769326,-1.4513688999999999,1.2600930000000001,1.601807,0,1,1,0.22018709761668875,0.26613475640074524,-1.0,-1.0,0.0,0.0,0.0,1.0,1.0,0.0,0.0,0.0,1
3.7086476999999998,-3.3351657,1.4723883,1.8971113999999998,0,1,1,0.37605822480510737,0.3307858298919979,-1.0,-1.0,-1.0,0.0,0.0,1.0,1.0,0.0,0.0,0.0,1
-2.319253,2.7032222999999997,0.2847131,0.19407648,1,0,0,0.2679920399008727,0.07058484504920472,1.0,1.0,0.0,0.0,0.0,0.0,0.0,0.0,0.0,0.0,-1
-0.94829994,1.3935608,0.39015067,0.030353308,1,0,0,0.12467915785608094,0.28021886001867313,1.0,0.0,0.0,0.0,0.0,-1.0,-1.0,0.0,0.0,0.0,-1
-0.7036345,2.4728383999999997,0.32074326,0.25969076,1,0,0,0.16929977427145582,0.047543454210199815,1.0,0.0,0.0,0.0,0.0,0.0,0.0,0.0,0.0,0.0,-1
0.034179304,1.7310895,0.42242634,0.37726509999999996,1,0,0,0.09019836281145645,0.035166654339720584,0.0,0.0,0.0,0.0,0.0,0.0,0.0,0.0,0.0,0.0,-1
6.0688787,-2.0617788,1.8633091,1.8988612,0,1,0,0.43416384081891357,0.02768264094446954,-1.0,-1.0,-1.0,-1.0,0.0,0.0,0.0,0.0,0.0,0.0,-1
5.313062,-0.88843375,1.7282925,1.7900953999999998,0,1,1,0.3310256521182321,0.048127898151259584,-1.0,-1.0,-1.0,0.0,0.0,0.0,0.0,0.0,0.0,0.0,1
5.4889884,-1.0409351999999998,1.752389,1.7748264,0,1,1,0.3485842905101964,0.017468345963368267,-1.0,-1.0,-1.0,0.0,0.0,0.0,0.0,0.0,0.0,0.0,1
6.0551734,-2.2064972000000003,1.9111881000000002,1.9178667,0,1,0,0.4411681543919259,0.00519471166382804,-1.0,-1.0,-1.0,-1.0,0.0,0.0,0.0,0.0,0.0,0.0,-1
6.205957,-2.2378732999999995,1.9122628000000002,1.9157348,0,1,0,0.45090690310610665,0.002697273042555824,-1.0,-1.0,-1.0,-1.0,0.0,0.0,0.0,0.0,0.0,0.0,-1
-3.3613480000000004,2.4111542999999998,0.03525251,0.022885025,1,0,1,0.3080905055980109,0.00962546109031614,1.0,1.0,1.0,0.0,0.0,0.0,0.0,0.0,0.0,0.0,1
4.15919,-0.7283951,1.5993915,1.7185445,0,1,1,0.2607804461081425,0.09279463384446304,-1.0,-1.0,0.0,0.0,0.0,1.0,0.0,0.0,0.0,0.0,1
3.0251455000000003,0.69114304,1.3812423999999999,1.8339834,0,1,0,0.12425903301921708,0.3526073809264096,-1.0,0.0,0.0,0.0,0.0,1.0,1.0,0.0,0.0,0.0,-1
3.8692884,0.5775714,1.4215571000000002,1.6109022,0,1,1,0.17546103458694787,0.14746327397675393,-1.0,0.0,0.0,0.0,0.0,1.0,0.0,0.0,0.0,0.0,1
5.6162295,-2.210143,1.8087368000000001,1.9340191000000002,0,1,0,0.4178959442836505,0.09756839750109766,-1.0,-1.0,-1.0,-1.0,0.0,1.0,0.0,0.0,0.0,0.0,-1
4.045844600000001,0.37389040000000007,1.5082633,1.7590892,0,1,0,0.19578954052203537,0.19534717729700463,-1.0,0.0,0.0,0.0,0.0,1.0,0.0,0.0,0.0,0.0,-1
5.642228599999999,-0.83000934,1.7247956999999998,1.8178296000000003,0,1,0,0.3455002595903405,0.07245195028777662,-1.0,-1.0,-1.0,0.0,0.0,0.0,0.0,0.0,0.0,0.0,-1
-3.3140306000000006,2.9931498,0.028812587,0.013874173,1,0,1,0.33667583846184246,0.0116278116725992,1.0,1.0,1.0,0.0,0.0,0.0,0.0,0.0,0.0,0.0,1
2.8511639,-3.819527,1.1676445,1.6169063999999997,0,1,1,0.35611008991518955,0.34989770753176447,-1.0,-1.0,-1.0,0.0,0.0,1.0,1.0,0.0,0.0,0.0,1
-3.4269998,3.7464824,0.030521392999999997,0.028396964,1,0,1,0.3829906684755207,0.001647726525900712,1.0,1.0,1.0,0.0,0.0,0.0,0.0,0.0,0.0,0.0,1
5.94453,-6.0183525,1.4178444,1.5791941,0,1,1,0.6390449220416097,0.1256592469144561,-1.0,-1.0,-1.0,-1.0,-1.0,1.0,0.0,0.0,0.0,0.0,1
1.9104291000000002,-0.8094501000000001,0.8272888,1.1104584,0,1,1,0.1448890439684409,0.22053784826776598,-1.0,0.0,0.0,0.0,0.0,1.0,0.0,0.0,0.0,0.0,1
-3.3874876000000005,1.9662764,0.094641745,0.008261263000000001,1,0,1,0.2857036270474681,0.06726998088820413,1.0,1.0,0.0,0.0,0.0,0.0,0.0,0.0,0.0,0.0,1
5.7788033,-1.645904,1.8054912,1.9278534999999999,0,1,0,0.39642183969283695,0.09529417534238888,-1.0,-1.0,-1.0,0.0,0.0,1.0,0.0,0.0,0.0,0.0,-1
6.4486513,-2.3411037999999995,1.9270121999999998,1.9552665,0,1,0,0.46940097562161537,0.0219987990027492,-1.0,-1.0,-1.0,-1.0,0.0,0.0,0.0,0.0,0.0,0.0,-1
2.625686,-0.30402792,1.4705427,1.88533,0,1,0,0.15610737387121584,0.3230473995753895,-1.0,0.0,0.0,0.0,0.0,1.0,1.0,0.0,0.0,0.0,-1
-0.96149063,1.5380666,0.35838884,0.026235700000000004,1,0,1,0.13311003740418267,0.25868834555543346,1.0,0.0,0.0,0.0,0.0,-1.0,-1.0,0.0,0.0,0.0,1
-1.9193930000000001,1.7470077000000002,0.09392685,0.048969625999999995,1,0,1,0.19549263543828632,0.03500775786440168,1.0,0.0,0.0,0.0,0.0,0.0,0.0,0.0,0.0,0.0,1
-1.8275647000000002,2.0477456999999997,0.08277815599999999,0.030672013999999997,1,0,0,0.2066615112777553,0.04057564407206974,1.0,1.0,0.0,0.0,0.0,0.0,0.0,0.0,0.0,0.0,-1
-4.4027753,4.329850700000001,0.008113681999999999,0.0069603324,1,0,1,0.46634669989999683,0.0008914079336591158,1.0,1.0,1.0,1.0,0.0,0.0,0.0,0.0,0.0,0.0,1
-4.229798000000001,4.237733,0.016680538999999998,0.012861967,1,0,1,0.4521740064316513,0.0029671982898120297,1.0,1.0,1.0,1.0,0.0,0.0,0.0,0.0,0.0,0.0,1
2.9030793,-2.7317642999999996,1.0860211000000002,1.963623,0,1,1,0.3007309003306503,0.6835074059773948,-1.0,-1.0,0.0,0.0,0.0,1.0,1.0,1.0,1.0,0.0,1
-1.0895469,2.1869702,0.42178077,0.012488246000000001,1,0,1,0.17464840694987627,0.31876783062458813,1.0,0.0,0.0,0.0,0.0,-1.0,-1.0,0.0,0.0,0.0,1
-1.8317552,2.0200567,0.30711716,0.09702611,1,0,0,0.20540521810939708,0.1636211161662955,1.0,1.0,0.0,0.0,0.0,-1.0,0.0,0.0,0.0,0.0,-1
2.3490002,-0.45383802,1.4070479,1.7547738999999998,0,1,0,0.14932425685776113,0.27081716174942877,-1.0,0.0,0.0,0.0,0.0,1.0,1.0,0.0,0.0,0.0,-1
1.3596556,-1.4918767,0.86565053,1.2747008999999998,0,1,1,0.15192757366706758,0.31857923062711535,-1.0,0.0,0.0,0.0,0.0,1.0,1.0,0.0,0.0,0.0,1
2.2238905,-1.6954414,0.9894728000000002,1.1645215,0,1,0,0.20901501936171302,0.13632861998026033,-1.0,-1.0,0.0,0.0,0.0,1.0,0.0,0.0,0.0,0.0,-1
1.8347107,-0.94042957,0.8873928,1.0005137,0,1,0,0.14784344976954159,0.0880965737473583,-1.0,0.0,0.0,0.0,0.0,1.0,0.0,0.0,0.0,0.0,-1
6.852670699999999,-2.2486055,1.9024656999999998,1.9475991999999998,0,1,0,0.48605573357337545,0.035145049229212764,-1.0,-1.0,-1.0,-1.0,0.0,0.0,0.0,0.0,0.0,0.0,-1
4.868224,-1.310865,1.8130819,1.9743272,0,1,0,0.3298277268485293,0.12557793568385014,-1.0,-1.0,-1.0,0.0,0.0,1.0,0.0,0.0,0.0,0.0,-1
4.7305527000000005,-0.84416527,1.6284788000000001,1.7994081999999998,0,1,0,0.2975164220357705,0.1331203311657505,-1.0,-1.0,0.0,0.0,0.0,1.0,0.0,0.0,0.0,0.0,-1
4.3549430000000005,-1.3808790000000002,1.6759863000000002,1.864845,0,1,1,0.3061294778599285,0.14708444464182402,-1.0,-1.0,-1.0,0.0,0.0,1.0,0.0,0.0,0.0,0.0,1
4.4093676,-1.2008591,1.6515146,1.8745368999999998,0,1,1,0.299414814482781,0.17369253236143248,-1.0,-1.0,0.0,0.0,0.0,1.0,0.0,0.0,0.0,0.0,1
6.1252913,-2.0373049,1.8043200000000001,1.8116363999999998,0,1,1,0.4358713698363504,0.005691457860000604,-1.0,-1.0,-1.0,-1.0,0.0,0.0,0.0,0.0,0.0,0.0,1
4.999246,-2.1656404,1.7863412,1.9337525000000002,0,1,1,0.38253111383090194,0.11480341878536572,-1.0,-1.0,-1.0,0.0,0.0,1.0,0.0,0.0,0.0,0.0,1
5.207029299999999,-1.7643474,1.7727201000000001,1.9601728999999999,0,1,1,0.37218556351402865,0.1459894689798621,-1.0,-1.0,-1.0,0.0,0.0,1.0,0.0,0.0,0.0,0.0,1
4.89889,-1.9552418000000003,1.7712758999999998,1.9359157999999999,0,1,1,0.36591733503583473,0.1282217968276694,-1.0,-1.0,-1.0,0.0,0.0,1.0,0.0,0.0,0.0,0.0,1
5.354211299999999,-1.3086403999999998,1.7309849,1.9009877,0,1,1,0.35569098514657044,0.13239865505196333,-1.0,-1.0,-1.0,0.0,0.0,1.0,0.0,0.0,0.0,0.0,1
5.0276255999999995,-1.2603503,1.7130075,1.9329736000000002,0,1,1,0.3356491141112781,0.17131223175819812,-1.0,-1.0,-1.0,0.0,0.0,1.0,0.0,0.0,0.0,0.0,1
5.5111300000000005,-1.3361866000000002,1.7477859,1.8360894,0,1,1,0.36555297606819875,0.06876771039066841,-1.0,-1.0,-1.0,0.0,0.0,0.0,0.0,0.0,0.0,0.0,1
-3.1455474,1.2906693999999999,0.14288306,0.11953401599999999,1,0,0,0.23664907977822958,0.01817837369818116,1.0,1.0,0.0,0.0,0.0,0.0,0.0,0.0,0.0,0.0,-1
4.8802757,-2.1740847000000003,1.7603891,1.9010599999999998,0,1,1,0.37662209586269296,0.10955370404613271,-1.0,-1.0,-1.0,0.0,0.0,1.0,0.0,0.0,0.0,0.0,1
6.0339813,-1.7055953999999998,1.8401343999999997,1.9464171000000001,0,1,0,0.4132556067905261,0.08277068814267331,-1.0,-1.0,-1.0,-1.0,0.0,1.0,0.0,0.0,0.0,0.0,-1
-2.4123075000000003,2.2238054,0.54943734,0.009251893,1,0,1,0.24733606425857727,0.42071289429059433,1.0,1.0,0.0,0.0,0.0,-1.0,-1.0,-1.0,0.0,0.0,1
-3.6219974,2.3194463,0.034945548,0.0046069026,1,0,1,0.3171225683540537,0.02362217725448959,1.0,1.0,1.0,0.0,0.0,0.0,0.0,0.0,0.0,0.0,1
-4.415244,3.4016870999999997,0.081196725,0.0049820542,1,0,0,0.4173911815830638,0.05935240791139316,1.0,1.0,1.0,1.0,0.0,0.0,0.0,0.0,0.0,0.0,-1
1.7806195,0.5181806,0.96206224,1.4077897,0,1,0,0.06697035587430998,0.347144932954153,0.0,0.0,0.0,0.0,0.0,1.0,1.0,0.0,0.0,0.0,-1
-3.8255885000000003,5.084303,0.0372293,0.00400126,1,0,0,0.47582379148608117,0.025872562605370738,1.0,1.0,1.0,1.0,0.0,0.0,0.0,0.0,0.0,0.0,-1
4.0061116000000005,-1.8702666000000001,1.6502001,1.7665521,0,1,1,0.31364399128973847,0.09061309402715399,-1.0,-1.0,-1.0,0.0,0.0,1.0,0.0,0.0,0.0,0.0,1
1.2766559,-1.1076059,1.2184788,1.4687608,0,1,1,0.12694603284849093,0.19492356447778503,-1.0,0.0,0.0,0.0,0.0,1.0,0.0,0.0,0.0,0.0,1
1.4383285,0.8483510000000001,1.1151652,1.6298903999999999,0,1,0,0.031018756291162294,0.4008833539160756,0.0,0.0,0.0,0.0,0.0,1.0,1.0,1.0,0.0,0.0,-1
-3.7764127,2.9090488,0.07531226,0.017392397,1,0,0,0.3568997660167514,0.045103621168901764,1.0,1.0,1.0,0.0,0.0,0.0,0.0,0.0,0.0,0.0,-1
0.627612,-0.55765176,0.6949434,1.4550346,0,1,0,0.06284436480470601,0.5919849957632313,0.0,0.0,0.0,0.0,0.0,1.0,1.0,1.0,1.0,0.0,-1
2.7625357999999998,-1.8567737000000002,0.7353281999999999,0.78603494,0,1,0,0.24643770918803273,0.03948572933325435,-1.0,-1.0,0.0,0.0,0.0,0.0,0.0,0.0,0.0,0.0,-1
0.033895615,-0.44951645,0.7556357,1.1420894,0,1,1,0.025321480806615584,0.3009799677411477,0.0,0.0,0.0,0.0,0.0,1.0,1.0,0.0,0.0,0.0,1
3.3175703999999997,-3.7550742999999995,1.2814565,1.3729681999999999,0,1,0,0.3775996238401473,0.07126639516106854,-1.0,-1.0,-1.0,0.0,0.0,0.0,0.0,0.0,0.0,0.0,-1
6.877738000000001,-2.6132395,1.9618273000000002,1.9762442,0,1,0,0.5068902158122551,0.011221634037367315,-1.0,-1.0,-1.0,-1.0,0.0,0.0,0.0,0.0,0.0,0.0,-1
6.8642080000000005,-2.2783132,1.9108801,1.9185881999999999,0,1,1,0.48826080248113274,0.005996530743413841,-1.0,-1.0,-1.0,-1.0,0.0,0.0,0.0,0.0,0.0,0.0,1
-4.29547,5.2334228,0.008993983,0.0043337345,1,0,1,0.5089172699802339,0.0036227323126765253,1.0,1.0,1.0,1.0,0.0,0.0,0.0,0.0,0.0,0.0,1
-4.151679,5.045624,0.017030716,0.011044085,1,0,1,0.491189585215791,0.004655776310081768,1.0,1.0,1.0,1.0,0.0,0.0,0.0,0.0,0.0,0.0,1
8.121343,-8.953613,1.8934852999999998,1.9024744999999998,0,1,0,0.912350154894559,0.0069943067733871,-1.0,-1.0,-1.0,-1.0,-1.0,0.0,0.0,0.0,0.0,0.0,-1
-4.4048815,5.342775,0.01508081,0.009141982,1,0,1,0.5206129672287717,0.004618545268351376,1.0,1.0,1.0,1.0,1.0,0.0,0.0,0.0,0.0,0.0,1
-3.6527672,4.525672,0.018139184,0.012463927,1,0,1,0.43671837933339486,0.004413264785956515,1.0,1.0,1.0,1.0,0.0,0.0,0.0,0.0,0.0,0.0,1
-4.06041,2.6456556,0.007158696700000001,0.0011287928,1,0,1,0.35800131675701863,0.004689479114209012,1.0,1.0,1.0,0.0,0.0,0.0,0.0,0.0,0.0,0.0,1
-2.5774043,2.8239229999999997,0.29847175,0.14018828,1,0,1,0.28824648930908364,0.1232711345138748,1.0,1.0,0.0,0.0,0.0,-1.0,0.0,0.0,0.0,0.0,1
6.3348365,-1.7993823,1.8281662,1.8675883999999998,0,1,0,0.43435423751914853,0.030696842032283702,-1.0,-1.0,-1.0,-1.0,0.0,0.0,0.0,0.0,0.0,0.0,-1
6.255679,-2.9619197999999995,1.9294837,1.9413227,0,1,0,0.4922746534067974,0.00921385413910201,-1.0,-1.0,-1.0,-1.0,0.0,0.0,0.0,0.0,0.0,0.0,-1
-4.401488,3.1163703999999997,0.013751148999999999,0.0010359287,1,0,0,0.40140194865958173,0.009896292365872708,1.0,1.0,1.0,0.0,0.0,0.0,0.0,0.0,0.0,0.0,-1
4.427834,-0.8559101999999998,0.86392325,1.9671537000000001,0,1,0,0.28196017974701026,0.8592366690072891,-1.0,-1.0,0.0,0.0,0.0,1.0,1.0,1.0,1.0,1.0,-1
6.631746000000001,-2.9478025000000003,1.5279782,1.9797144,0,1,0,0.5116254602838024,0.3518247992739882,-1.0,-1.0,-1.0,-1.0,0.0,1.0,1.0,0.0,0.0,0.0,-1
-3.2200902,2.1466484,0.15827173,0.01992464,1,0,0,0.28639728414652466,0.10774382041783546,1.0,1.0,0.0,0.0,0.0,-1.0,0.0,0.0,0.0,0.0,-1
5.883824,-1.4895083999999998,1.825741,1.9695098000000002,0,1,0,0.3936751990181094,0.11196648241101775,-1.0,-1.0,-1.0,0.0,0.0,1.0,0.0,0.0,0.0,0.0,-1
7.8197220000000005,-7.176968,1.645388,1.7045424999999998,0,1,0,0.8012404509631958,0.04606520980703909,-1.0,-1.0,-1.0,-1.0,-1.0,0.0,0.0,0.0,0.0,0.0,-1
-3.4317045,4.1361365,0.05965507,0.059624493,1,0,1,0.4040741532222892,1.694412334718508e-05,1.0,1.0,1.0,0.0,0.0,0.0,0.0,0.0,0.0,0.0,1
5.909463,-1.3512763,1.7211246,1.8172009999999998,0,1,0,0.38765566831043563,0.07482158073910179,-1.0,-1.0,-1.0,0.0,0.0,0.0,0.0,0.0,0.0,0.0,-1
-4.1378694,2.9656436,0.01006335,0.006866931999999999,1,0,1,0.3792499263874942,0.0024826378744253323,1.0,1.0,1.0,0.0,0.0,0.0,0.0,0.0,0.0,0.0,1
5.8554635,-2.1833267000000003,1.8612025,1.8885995999999998,0,1,0,0.42925236726164334,0.021331174607390972,-1.0,-1.0,-1.0,-1.0,0.0,0.0,0.0,0.0,0.0,0.0,-1
5.706451,-1.2660595,1.7434983,1.7692338,0,1,0,0.3722461795190624,0.020037048737901488,-1.0,-1.0,-1.0,0.0,0.0,0.0,0.0,0.0,0.0,0.0,-1
-3.839528,3.3773584000000003,0.014762461000000001,0.01445961,1,0,1,0.38531117403706944,0.00022900287815548343,1.0,1.0,1.0,0.0,0.0,0.0,0.0,0.0,0.0,0.0,1
-3.4646415999999998,1.8367589,0.034912884,0.0065194964,1,0,1,0.2829041331512056,0.02210712643491399,1.0,1.0,0.0,0.0,0.0,0.0,0.0,0.0,0.0,0.0,1
2.5898693,-1.7854603999999998,0.8422074,1.6386862000000002,0,1,0,0.2333938912440192,0.6203252307708426,-1.0,-1.0,0.0,0.0,0.0,1.0,1.0,1.0,1.0,0.0,-1
-1.1411666999999999,0.93725836,0.15201497,0.106137395,1,0,1,0.11059517610891414,0.03572456698700086,1.0,0.0,0.0,0.0,0.0,0.0,0.0,0.0,0.0,0.0,1
4.0095873,-0.16254655,0.9677611999999999,1.939932,0,1,0,0.22253049323164653,0.7571617511502367,-1.0,-1.0,0.0,0.0,0.0,1.0,1.0,1.0,1.0,1.0,-1
-4.261465,2.8935592,0.013756633,0.008755266999999999,1,0,1,0.38200385402772374,0.0038884093596708003,1.0,1.0,1.0,0.0,0.0,0.0,0.0,0.0,0.0,0.0,1
3.674749,0.29020518,1.5056741000000002,1.9000099,0,1,0,0.18042380667054542,0.3071188877675712,-1.0,0.0,0.0,0.0,0.0,1.0,1.0,0.0,0.0,0.0,-1
-0.9589226999999999,0.080604754,0.19228941,0.046149313,1,0,1,0.05505290894115894,0.11381335096659272,0.0,0.0,0.0,0.0,0.0,-1.0,0.0,0.0,0.0,0.0,1
-3.5439477,2.122921,0.03466022,0.004978478,1,0,1,0.3024430485250452,0.023110552505033757,1.0,1.0,0.0,0.0,0.0,0.0,0.0,0.0,0.0,0.0,1
-4.1308517,2.773073,0.0015520453,0.0007618069599999999,1,0,1,0.36857939772505927,0.0006086011961356285,1.0,1.0,1.0,0.0,0.0,0.0,0.0,0.0,0.0,0.0,1
-3.3246976999999998,3.055873,0.24513382,0.2384826,1,0,1,0.34059948178008653,0.005173386936874235,1.0,1.0,1.0,0.0,0.0,0.0,0.0,0.0,0.0,0.0,1
3.9890904000000003,-2.5692737,1.1258318,1.1262792,0,1,0,0.3501047963235331,0.00034158388460030226,-1.0,-1.0,-1.0,0.0,0.0,0.0,0.0,0.0,0.0,0.0,-1
6.0159626,-1.313468,1.7581174,1.9617221000000002,0,1,0,0.3913280904188955,0.15856926654330272,-1.0,-1.0,-1.0,0.0,0.0,1.0,0.0,0.0,0.0,0.0,-1
6.810289,-2.2784605,1.929043,1.9538729,0,1,0,0.4853860224159794,0.01933172833141959,-1.0,-1.0,-1.0,-1.0,0.0,0.0,0.0,0.0,0.0,0.0,-1
6.9508160000000005,-2.346309,1.9492575,1.9700828000000001,0,1,0,0.4965263384830996,0.016212772832527807,-1.0,-1.0,-1.0,-1.0,0.0,0.0,0.0,0.0,0.0,0.0,-1
4.4031386,-0.47269120000000003,1.1015443,1.9780538,0,1,0,0.2601519760746509,0.6826565976602124,-1.0,-1.0,0.0,0.0,0.0,1.0,1.0,1.0,1.0,0.0,-1
-1.7333115000000001,0.5357381999999999,0.25359797,0.036329806,1,0,0,0.1207864833392796,0.16921096263697277,1.0,0.0,0.0,0.0,0.0,-1.0,0.0,0.0,0.0,0.0,-1
-4.1508145,2.9598584,0.0060262084,0.0033259392,1,0,1,0.37963271394653536,0.0020962157528579663,1.0,1.0,1.0,0.0,0.0,0.0,0.0,0.0,0.0,0.0,1
6.806466599999999,-2.787414,1.9174648999999997,1.9415633999999997,0,1,0,0.5123916929930487,0.018762082411255522,-1.0,-1.0,-1.0,-1.0,0.0,0.0,0.0,0.0,0.0,0.0,-1
4.843056,-3.9778318,1.4956545,1.6252367,0,1,0,0.47106541370585675,0.10091734539843701,-1.0,-1.0,-1.0,-1.0,0.0,1.0,0.0,0.0,0.0,0.0,-1
-4.524577,3.3277237,0.029788435,0.0016555785999999998,1,0,0,0.41928213576514195,0.02190421348009381,1.0,1.0,1.0,1.0,0.0,0.0,0.0,0.0,0.0,0.0,-1
-3.207695,1.7857732,0.10637449999999998,0.0028234124,1,0,0,0.26644124212382814,0.08064319038613765,1.0,1.0,0.0,0.0,0.0,-1.0,0.0,0.0,0.0,0.0,-1
-4.333472,3.1249824,0.05962038,0.0017849207,1,0,0,0.3982260506502131,0.045037883920676765,1.0,1.0,1.0,0.0,0.0,0.0,0.0,0.0,0.0,0.0,-1
5.2788987,-0.68990755,1.6841451,1.7332863,0,1,0,0.31858544405394346,0.03826641914204036,-1.0,-1.0,-1.0,0.0,0.0,0.0,0.0,0.0,0.0,0.0,-1
4.778516000000001,-4.082596,1.1776128000000001,1.2827743,0,1,0,0.4732159078932592,0.08189744914118523,-1.0,-1.0,-1.0,-1.0,0.0,1.0,0.0,0.0,0.0,0.0,-1
-2.959191,1.50399,0.09155983,0.030331671,1,0,1,0.23809065861305928,0.04768026502875347,1.0,1.0,0.0,0.0,0.0,0.0,0.0,0.0,0.0,0.0,1
1.6324211000000002,0.639369,0.5413159000000001,1.3738866000000003,0,1,0,0.052568211206102264,0.6484351618427244,0.0,0.0,0.0,0.0,0.0,1.0,1.0,1.0,1.0,0.0,-1
2.1752672000000004,0.6772621999999999,0.5913553,1.0989853,0,1,0,0.07956435473069601,0.39535730560769594,0.0,0.0,0.0,0.0,0.0,1.0,1.0,1.0,0.0,0.0,-1
4.8195934000000005,-1.4711958,1.7970351999999998,1.9243052,0,1,1,0.3357995207147015,0.0991165041397502,-1.0,-1.0,-1.0,0.0,0.0,1.0,0.0,0.0,0.0,0.0,1
2.0135353,-1.8386029,0.84730834,1.3281174999999998,0,1,1,0.20542266298719078,0.3744680766203061,-1.0,-1.0,0.0,0.0,0.0,1.0,1.0,0.0,0.0,0.0,1
-3.3803272000000004,4.3314433,0.054266334000000006,0.009881556,1,0,1,0.41176901236543506,0.034561912187050965,1.0,1.0,1.0,1.0,0.0,0.0,0.0,0.0,0.0,0.0,1
-0.34365493,0.4966572,0.2546696,0.1988414,1,0,1,0.04440232058132888,0.04347454365412405,0.0,0.0,0.0,0.0,0.0,0.0,0.0,0.0,0.0,0.0,1
-3.0221298,3.83923,0.07418007,0.039905607999999995,1,0,1,0.366303763404492,0.026687561269672172,1.0,1.0,1.0,0.0,0.0,0.0,0.0,0.0,0.0,0.0,1
3.265432,1.0557683999999998,1.3428200000000001,1.7681141,0,1,0,0.11761154231217417,0.3312305493620742,-1.0,0.0,0.0,0.0,0.0,1.0,1.0,0.0,0.0,0.0,-1
2.8427281000000004,1.1374427,1.3283827,1.5811226,0,1,0,0.09064612379912826,0.19683788319144596,-1.0,0.0,0.0,0.0,0.0,1.0,0.0,0.0,0.0,0.0,-1
-4.1737404,3.042129,0.004428029,0.0031344890000000003,1,0,1,0.3852568024749603,0.0010005942741105644,1.0,1.0,1.0,0.0,0.0,0.0,0.0,0.0,0.0,0.0,1
3.3889991999999998,-0.541455,1.3264006000000002,1.7764755,0,1,0,0.20960964750846411,0.3505309070574599,-1.0,-1.0,0.0,0.0,0.0,1.0,1.0,0.0,0.0,0.0,-1
1.9334616999999998,0.8279408000000001,1.1667457,1.7197360000000002,0,1,0,0.0585810965006294,0.4306858670411445,0.0,0.0,0.0,0.0,0.0,1.0,1.0,1.0,0.0,0.0,-1
6.483137999999999,-2.7363255,1.9155707,1.9232977999999998,0,1,1,0.4923743452965365,0.006011328764309541,-1.0,-1.0,-1.0,-1.0,0.0,0.0,0.0,0.0,0.0,0.0,1
5.709397,-2.4185696,1.840332,1.9253275,0,1,1,0.434019978049514,0.06619129706840532,-1.0,-1.0,-1.0,-1.0,0.0,0.0,0.0,0.0,0.0,0.0,1
-0.81155634,-0.67756385,0.5057559,0.03538382,1,0,1,0.0066405681967414325,0.3663392277818767,0.0,0.0,0.0,0.0,0.0,-1.0,-1.0,0.0,0.0,0.0,1
6.4817653,-2.4164822,1.9452662,1.9732804,0,1,0,0.47520127185068467,0.021811798749219537,-1.0,-1.0,-1.0,-1.0,0.0,0.0,0.0,0.0,0.0,0.0,-1
-0.005612740799999999,-0.70360214,0.5336776999999999,1.6150688999999998,0,1,0,0.03679336365190257,0.8422273175416805,0.0,0.0,0.0,0.0,0.0,1.0,1.0,1.0,1.0,1.0,-1
3.4347525,-1.9045221,1.1181746000000001,1.4515071000000002,0,1,1,0.28492898465609806,0.2596068820777262,-1.0,-1.0,0.0,0.0,0.0,1.0,1.0,0.0,0.0,0.0,1
2.6830513,-0.7708874,1.3095851,1.6769807,0,1,0,0.18413384406284863,0.2861366960552285,-1.0,0.0,0.0,0.0,0.0,1.0,1.0,0.0,0.0,0.0,-1
-4.381546,4.8229795,0.010423541,0.008084595,1,0,1,0.4915757195396186,0.001814801633715673,1.0,1.0,1.0,1.0,0.0,0.0,0.0,0.0,0.0,0.0,1
-4.354043,4.958569000000001,0.061351776,0.05645209599999999,1,0,1,0.4973543152602711,0.0038092119095233857,1.0,1.0,1.0,1.0,0.0,0.0,0.0,0.0,0.0,0.0,1
2.0646381000000003,-1.0786568,0.8397299000000001,1.2656713,0,1,0,0.16752598893452844,0.3317346945686947,-1.0,0.0,0.0,0.0,0.0,1.0,1.0,0.0,0.0,0.0,-1
3.3491025000000003,-0.603722,1.6621592,1.8976728999999999,0,1,0,0.21080562406288775,0.18342137437283407,-1.0,-1.0,0.0,0.0,0.0,1.0,0.0,0.0,0.0,0.0,-1
6.5079875,-2.1511767,1.8851203999999997,1.9632203999999998,0,1,0,0.46241923399896917,0.060820783748071414,-1.0,-1.0,-1.0,-1.0,0.0,0.0,0.0,0.0,0.0,0.0,-1
6.5797734,-2.3838987,1.9125785,1.967021,0,1,0,0.47869904736923136,0.04239530062490398,-1.0,-1.0,-1.0,-1.0,0.0,0.0,0.0,0.0,0.0,0.0,-1
2.4052189999999998,-1.5167241000000002,0.7586566,1.0403876,0,1,0,0.20915462115421965,0.2194174044329996,-1.0,-1.0,0.0,0.0,0.0,1.0,0.0,0.0,0.0,0.0,-1
6.920017,-2.476112,1.9668691000000003,1.9806337,0,1,0,0.5018193592648574,0.010713594614721517,-1.0,-1.0,-1.0,-1.0,0.0,0.0,0.0,0.0,0.0,0.0,-1
6.492858999999999,-1.8444585,1.8548775000000002,1.9038168999999998,0,1,0,0.4452124416305784,0.038109248583263575,-1.0,-1.0,-1.0,-1.0,0.0,0.0,0.0,0.0,0.0,0.0,-1
-3.1881921,2.8403375,0.052779495999999995,0.047729194,1,0,1,0.3217784153753668,0.003926522830752489,1.0,1.0,1.0,0.0,0.0,0.0,0.0,0.0,0.0,0.0,1
1.8903993000000001,1.3694841,0.7639656,1.9063763999999999,0,1,0,0.027326499522385368,0.8897520183757679,0.0,0.0,0.0,0.0,0.0,1.0,1.0,1.0,1.0,1.0,-1
0.51829314,0.6134649,0.8724823,0.34145153,1,0,1,0.004565107299676562,0.41358283631483417,0.0,0.0,0.0,0.0,0.0,-1.0,-1.0,-1.0,0.0,0.0,1
4.9995294,-0.827083,1.7119578999999998,1.9363872,0,1,0,0.3109833774395829,0.1747883647509201,-1.0,-1.0,-1.0,0.0,0.0,1.0,0.0,0.0,0.0,0.0,-1
7.0020055999999995,-2.5739217,1.9418568999999999,1.9520476000000002,0,1,0,0.5114318611680605,0.007930086884239518,-1.0,-1.0,-1.0,-1.0,0.0,0.0,0.0,0.0,0.0,0.0,-1
6.9890857,-2.6499445,1.9612876000000001,1.9706926,0,1,0,0.5148055123446714,0.007318149778041451,-1.0,-1.0,-1.0,-1.0,0.0,0.0,0.0,0.0,0.0,0.0,-1
6.1205907,-2.0574288,1.8794358,1.9681613000000002,0,1,1,0.4366959410397694,0.06909638222319422,-1.0,-1.0,-1.0,-1.0,0.0,0.0,0.0,0.0,0.0,0.0,1
7.1044755,-2.7432787,1.9686578999999997,1.9790323,0,1,0,0.5259644601614426,0.008073160381004857,-1.0,-1.0,-1.0,-1.0,-1.0,0.0,0.0,0.0,0.0,0.0,-1
7.078628,-2.590236,1.9268055,1.9716942,0,1,0,0.5164005077327244,0.03495438841261971,-1.0,-1.0,-1.0,-1.0,0.0,0.0,0.0,0.0,0.0,0.0,-1
1.3017157,1.2430656999999998,0.3796755,1.6636398000000001,0,1,1,0.002612555537461218,1.0,0.0,0.0,0.0,0.0,0.0,1.0,1.0,1.0,1.0,1.0,1
-4.8454576,3.5947459999999998,0.0063766837,0.005047083,1,0,1,0.4507130099455355,0.0010286799052744544,1.0,1.0,1.0,1.0,0.0,0.0,0.0,0.0,0.0,0.0,1
6.5936575,-2.1378793999999997,1.9001457999999998,1.9419229,0,1,0,0.4662884736774866,0.032530939895826165,-1.0,-1.0,-1.0,-1.0,0.0,0.0,0.0,0.0,0.0,0.0,-1
-4.3151183,3.0604825,0.014852643,0.0057548285,1,0,1,0.3937964737983338,0.007078900438680584,1.0,1.0,1.0,0.0,0.0,0.0,0.0,0.0,0.0,0.0,1
-4.4468994,3.1743805,0.0024225116000000002,0.0009679198,1,0,1,0.4069311409021231,0.0011260283741995778,1.0,1.0,1.0,0.0,0.0,0.0,0.0,0.0,0.0,0.0,1
-4.3926940000000005,3.035939,0.0063180923,0.0037718415000000003,1,0,1,0.39663171819959375,0.0019762595685672685,1.0,1.0,1.0,0.0,0.0,0.0,0.0,0.0,0.0,0.0,1
6.908415299999999,-3.0929607999999997,1.9236228,1.9586813000000003,0,1,0,0.5341775011419395,0.02729820393846337,-1.0,-1.0,-1.0,-1.0,-1.0,0.0,0.0,0.0,0.0,0.0,-1
6.133485299999999,-2.0960565,1.9018798,1.9491842000000001,0,1,0,0.4394504621159275,0.03683583994302824,-1.0,-1.0,-1.0,-1.0,0.0,0.0,0.0,0.0,0.0,0.0,-1
-4.313501400000001,3.066141,0.022748888,0.019232512,1,0,1,0.39401254863158863,0.002731834988622618,1.0,1.0,1.0,0.0,0.0,0.0,0.0,0.0,0.0,0.0,1
-4.2733154,3.1074655,0.014744698999999998,0.001613915,1,0,1,0.3940734159112948,0.01021995132987782,1.0,1.0,1.0,0.0,0.0,0.0,0.0,0.0,0.0,0.0,1
6.721866599999999,-2.3876681,1.9405553,1.9582665000000001,0,1,1,0.4864972552505415,0.01378737720772157,-1.0,-1.0,-1.0,-1.0,0.0,0.0,0.0,0.0,0.0,0.0,1
7.4990396,-6.069197,1.9427846999999998,1.9632493999999998,0,1,0,0.7248714806996448,0.01593192197279136,-1.0,-1.0,-1.0,-1.0,-1.0,0.0,0.0,0.0,0.0,0.0,-1
6.828485499999999,-7.554166,1.7642846,1.7700563999999999,0,1,0,0.7684122971381041,0.00448845664550024,-1.0,-1.0,-1.0,-1.0,-1.0,0.0,0.0,0.0,0.0,0.0,-1
6.8984375,-2.489627,1.9720096999999999,1.981525,0,1,1,0.5013882093507683,0.007404056183557232,-1.0,-1.0,-1.0,-1.0,0.0,0.0,0.0,0.0,0.0,0.0,1
0.49970493,-1.8825349999999998,0.56488293,1.5002883999999999,0,1,0,0.12683793822677855,0.7285273236987865,-1.0,0.0,0.0,0.0,0.0,1.0,1.0,1.0,1.0,1.0,-1
0.21518438,-0.8810975000000001,0.4058736,1.4274193000000002,0,1,0,0.05808715358051429,0.7956170565146274,0.0,0.0,0.0,0.0,0.0,1.0,1.0,1.0,1.0,1.0,-1
-1.0162083,-0.14895716,0.40122163,0.0059767365000000005,1,0,1,0.0458425526908394,0.3078269290627899,0.0,0.0,0.0,0.0,0.0,-1.0,-1.0,0.0,0.0,0.0,1
4.492147,-1.0112980999999999,0.8381705,1.9757063000000001,0,1,0,0.2937059822344946,0.8859551577512118,-1.0,-1.0,0.0,0.0,0.0,1.0,1.0,1.0,1.0,1.0,-1
-2.127469,2.9226055,0.4387228,0.14007533,1,0,0,0.2694675675478354,0.23259268214571505,1.0,1.0,0.0,0.0,0.0,-1.0,0.0,0.0,0.0,0.0,-1
6.4827010000000005,-1.8958321,1.8512102,1.953443,0,1,0,0.4474159387350653,0.07961645104659298,-1.0,-1.0,-1.0,-1.0,0.0,1.0,0.0,0.0,0.0,0.0,-1
5.6680374,-2.0558226000000004,1.8194557,1.8643615000000002,0,1,0,0.41241534963202087,0.03496770663142602,-1.0,-1.0,-1.0,-1.0,0.0,0.0,0.0,0.0,0.0,0.0,-1
5.795886,-1.0268354,1.7271811999999998,1.7527311,0,1,0,0.3642380503608385,0.019892495439046753,-1.0,-1.0,-1.0,0.0,0.0,0.0,0.0,0.0,0.0,0.0,-1
4.7995315000000005,0.07657743,1.5840602,1.6352117,0,1,0,0.2519788273542316,0.03983212763712664,-1.0,-1.0,0.0,0.0,0.0,0.0,0.0,0.0,0.0,0.0,-1
5.302791,-0.5555897,1.6749039000000001,1.6977643,0,1,0,0.31268179641357496,0.017797796639098872,-1.0,-1.0,-1.0,0.0,0.0,0.0,0.0,0.0,0.0,0.0,-1
3.5456547999999994,0.6865760000000001,1.4360946,1.5071286,0,1,0,0.1523310299044876,0.05531747766127843,-1.0,0.0,0.0,0.0,0.0,0.0,0.0,0.0,0.0,0.0,-1
3.6775737,0.82764924,1.4398957000000001,1.7711577,0,1,1,0.1518416142054929,0.2579942872216966,-1.0,0.0,0.0,0.0,0.0,1.0,1.0,0.0,0.0,0.0,1
4.4085293,-1.0118889000000002,1.6143572,1.6511664000000001,0,1,0,0.2892671402973514,0.028661724737521887,-1.0,-1.0,0.0,0.0,0.0,0.0,0.0,0.0,0.0,0.0,-1
5.451251,-1.9641502,1.7670677,1.7976817999999999,0,1,0,0.3959243104950559,0.023836713197995806,-1.0,-1.0,-1.0,0.0,0.0,0.0,0.0,0.0,0.0,0.0,-1
4.5480366,-0.21112719,1.5315187,1.6088323999999998,0,1,0,0.2539146966167021,0.060208379335950565,-1.0,-1.0,0.0,0.0,0.0,0.0,0.0,0.0,0.0,0.0,-1
1.2906053999999998,0.55476093,1.0795455,1.7075267,0,1,1,0.038817197804455125,0.4890920199457679,0.0,0.0,0.0,0.0,0.0,1.0,1.0,1.0,0.0,0.0,1
6.388221,-5.744661,1.6402802,1.8273973000000001,0,1,1,0.6481335536765783,0.14572801131593133,-1.0,-1.0,-1.0,-1.0,-1.0,1.0,0.0,0.0,0.0,0.0,1
-3.0162362999999996,1.1982643999999998,0.09664196,0.036466897000000005,1,0,1,0.22479553926521703,0.046860068364901634,1.0,1.0,0.0,0.0,0.0,0.0,0.0,0.0,0.0,0.0,1
-4.432989,3.0588502999999996,0.0094893575,0.006138384300000001,1,0,1,0.4000108974189992,0.0026030121417484884,1.0,1.0,1.0,0.0,0.0,0.0,0.0,0.0,0.0,0.0,1
5.6369615,-1.241484,1.728402,1.9379921000000002,0,1,1,0.3672172109941942,0.16323095466273227,-1.0,-1.0,-1.0,0.0,0.0,1.0,0.0,0.0,0.0,0.0,1
6.652214,-2.395754,1.938838,1.9530903999999998,0,1,0,0.4832057334679443,0.011093514330138601,-1.0,-1.0,-1.0,-1.0,0.0,0.0,0.0,0.0,0.0,0.0,-1
4.676066400000001,-2.4657753,1.5717758,1.753682,0,1,0,0.38129908203411217,0.14166953725880302,-1.0,-1.0,-1.0,0.0,0.0,1.0,0.0,0.0,0.0,0.0,-1
3.3111827000000003,-1.3014733,1.3267956,1.4851503000000001,0,1,1,0.246081995138384,0.12332661151536967,-1.0,-1.0,0.0,0.0,0.0,1.0,0.0,0.0,0.0,0.0,1
-1.3166568,1.8626890999999999,0.17405641,0.0665825,1,0,0,0.16945337259784657,0.08369845395694535,1.0,0.0,0.0,0.0,0.0,-1.0,0.0,0.0,0.0,0.0,-1
-3.8997564,4.265901599999999,0.022907972000000002,0.01116395,1,0,1,0.43603506191979746,0.009139881169174045,1.0,1.0,1.0,1.0,0.0,0.0,0.0,0.0,0.0,0.0,1
5.5010734,-1.741875,1.7175051,1.8171165,0,1,0,0.3867045188273221,0.07757479146890849,-1.0,-1.0,-1.0,0.0,0.0,0.0,0.0,0.0,0.0,0.0,-1
4.552773,-4.3636537,1.3423521999999999,1.8864023999999997,0,1,0,0.476173180898761,0.42372293090379126,-1.0,-1.0,-1.0,-1.0,0.0,1.0,1.0,1.0,0.0,0.0,-1
-4.305519599999999,2.9475342999999996,0.028938591,0.0026248693,1,0,1,0.3872447861045033,0.020487392779951437,1.0,1.0,1.0,0.0,0.0,0.0,0.0,0.0,0.0,0.0,1
6.726583,-2.4912384,1.9396431,1.9695556,0,1,0,0.49228655420298767,0.023290276805341736,-1.0,-1.0,-1.0,-1.0,0.0,0.0,0.0,0.0,0.0,0.0,-1
6.764713,-2.3045125,1.9393743000000003,1.9743456999999998,0,1,0,0.48434221673395605,0.02723036669530393,-1.0,-1.0,-1.0,-1.0,0.0,0.0,0.0,0.0,0.0,0.0,-1
6.642068400000001,-2.2759666000000003,1.9307883000000001,1.9604361000000001,0,1,0,0.476259164953176,0.02308411700896839,-1.0,-1.0,-1.0,-1.0,0.0,0.0,0.0,0.0,0.0,0.0,-1
-4.134398,3.9287226000000004,0.01133889,0.00943476,1,0,1,0.4305531360470306,0.001476148146674229,1.0,1.0,1.0,1.0,0.0,0.0,0.0,0.0,0.0,0.0,1
3.0998563999999997,-1.7644373,0.9313846,1.0533795,0,1,0,0.25953522506418225,0.09500802834885828,-1.0,-1.0,0.0,0.0,0.0,1.0,0.0,0.0,0.0,0.0,-1
6.6839185,-2.3036562999999997,1.9161546000000003,1.9420032999999999,0,1,0,0.47997695015942293,0.020125213788711294,-1.0,-1.0,-1.0,-1.0,0.0,0.0,0.0,0.0,0.0,0.0,-1
-4.000698000000001,4.757583,0.017920791999999998,0.0048338175,1,0,1,0.4677182853728666,0.01018583059848675,1.0,1.0,1.0,1.0,0.0,0.0,0.0,0.0,0.0,0.0,1
-4.524319599999999,5.386491,0.003553927,0.003105104,1,0,1,0.5293356253226769,0.00034269217848116774,1.0,1.0,1.0,1.0,1.0,0.0,0.0,0.0,0.0,0.0,1
-0.23820537,1.3147877000000001,0.38592750000000003,0.12889308,1,0,0,0.08250416521571428,0.20018264091234225,0.0,0.0,0.0,0.0,0.0,-1.0,0.0,0.0,0.0,0.0,-1
1.9952098999999999,-0.7158228,0.9626016,1.0232601000000001,0,1,0,0.1444160862258666,0.04723658998741533,-1.0,0.0,0.0,0.0,0.0,0.0,0.0,0.0,0.0,0.0,-1
5.457824,-3.6074884,1.3977591999999999,1.5824923999999998,0,1,0,0.4841330118571722,0.14387132699944308,-1.0,-1.0,-1.0,-1.0,0.0,1.0,0.0,0.0,0.0,0.0,-1
0.15872212,1.1031162,0.44566852,0.08582753,1,0,0,0.04996682226162341,0.2802528393900225,0.0,0.0,0.0,0.0,0.0,-1.0,-1.0,0.0,0.0,0.0,-1
4.3358793,-0.18289589999999997,1.5869043,1.7959688000000003,0,1,0,0.2410628744421692,0.1628215946741647,-1.0,-1.0,0.0,0.0,0.0,1.0,0.0,0.0,0.0,0.0,-1
-4.428079,3.352054,0.023259758999999998,0.012551844,1,0,1,0.41542385593936054,0.00833291627253257,1.0,1.0,1.0,1.0,0.0,0.0,0.0,0.0,0.0,0.0,1
-3.6531637000000003,3.3721476000000004,0.041095852999999995,0.021358727999999997,1,0,1,0.37506905265240487,0.015365255127886421,1.0,1.0,1.0,0.0,0.0,0.0,0.0,0.0,0.0,0.0,1
3.2961483,0.25526574,1.3535706,1.7996546999999998,0,1,0,0.16205074910655737,0.3474226995947973,-1.0,0.0,0.0,0.0,0.0,1.0,1.0,0.0,0.0,0.0,-1
2.3708315,0.91066325,1.2778243,1.8873076000000002,0,1,0,0.07754150005750925,0.4746850562233106,0.0,0.0,0.0,0.0,0.0,1.0,1.0,1.0,0.0,0.0,-1
3.0490131000000003,0.62287396,1.0957963,1.9837384999999998,0,1,1,0.12918490835760915,0.691560878370441,-1.0,0.0,0.0,0.0,0.0,1.0,1.0,1.0,1.0,0.0,1
-4.237457,3.0013802000000003,0.0017840266,0.0012063383999999999,1,0,1,0.3864847229904068,0.00044305796386692216,1.0,1.0,1.0,0.0,0.0,0.0,0.0,0.0,0.0,0.0,1
2.7222762,-0.6674741999999999,1.5349275,1.7289803,0,1,0,0.18070216447570364,0.15112983413310768,-1.0,0.0,0.0,0.0,0.0,1.0,0.0,0.0,0.0,0.0,-1
-1.3303648000000001,1.0728853999999999,0.4333282,0.19466692,1,0,0,0.12796120391039076,0.1858728456681452,1.0,0.0,0.0,0.0,0.0,-1.0,0.0,0.0,0.0,0.0,-1
4.225356,-0.56175995,1.6774063999999997,1.9645146,0,1,1,0.25540909445694104,0.22360540011512572,-1.0,-1.0,0.0,0.0,0.0,1.0,0.0,0.0,0.0,0.0,1
6.8674539999999995,-2.222673,1.9220389999999998,1.9359598000000002,0,1,0,0.48545966728009454,0.010835249923348797,-1.0,-1.0,-1.0,-1.0,0.0,0.0,0.0,0.0,0.0,0.0,-1
-3.9839468,2.6318919999999997,0.0045924187,0.0038667321000000004,1,0,1,0.35317754875298335,0.0005583255120632997,1.0,1.0,1.0,0.0,0.0,0.0,0.0,0.0,0.0,0.0,1
-3.6604362,2.6754894,0.11456603,0.027607858,1,0,1,0.33821263435873333,0.06771991081932206,1.0,1.0,1.0,0.0,0.0,0.0,0.0,0.0,0.0,0.0,1
4.3691754000000005,-1.2997752,1.8467008999999999,1.8562433999999997,0,1,0,0.30255435251241486,0.007425240718733988,-1.0,-1.0,0.0,0.0,0.0,0.0,0.0,0.0,0.0,0.0,-1
6.705708500000001,-2.4776599999999998,1.9088368000000002,1.9316633,0,1,0,0.4904446092745824,0.01777139385444809,-1.0,-1.0,-1.0,-1.0,0.0,0.0,0.0,0.0,0.0,0.0,-1
6.107322,-1.9988223000000003,1.8320726999999999,1.8535675,0,1,0,0.43285329905264763,0.016734208358300286,-1.0,-1.0,-1.0,-1.0,0.0,0.0,0.0,0.0,0.0,0.0,-1
4.484573999999999,-1.1746143999999998,1.7968698,1.9554398999999998,0,1,0,0.3020324389788639,0.1234943743417344,-1.0,-1.0,0.0,0.0,0.0,1.0,0.0,0.0,0.0,0.0,-1
6.5052853,-2.4111547000000004,1.953882,1.9776281999999998,0,1,0,0.47617389195262133,0.018487695950120855,-1.0,-1.0,-1.0,-1.0,0.0,0.0,0.0,0.0,0.0,0.0,-1
1.6704615000000003,0.23424315,0.5218649000000001,1.4803614999999999,0,1,1,0.07626107382805372,0.7465116933959169,0.0,0.0,0.0,0.0,0.0,1.0,1.0,1.0,1.0,1.0,1
1.3192803,1.1065958,0.46121657,1.0193983,0,1,1,0.010847655226440173,0.43472917702107067,0.0,0.0,0.0,0.0,0.0,1.0,1.0,1.0,0.0,0.0,1
0.62887853,-0.63688,0.52099156,1.5728749,0,1,0,0.0671478322447369,0.8192453212854918,0.0,0.0,0.0,0.0,0.0,1.0,1.0,1.0,1.0,1.0,-1
2.7229497000000005,-0.30333740000000003,0.6272578000000001,1.0543195,0,1,1,0.16127043646162068,0.332607232611298,-1.0,0.0,0.0,0.0,0.0,1.0,1.0,0.0,0.0,0.0,1
2.7178299999999997,-0.21948522,0.6102208,1.0786234,0,1,1,0.15651375986439162,0.36480531166641994,-1.0,0.0,0.0,0.0,0.0,1.0,1.0,0.0,0.0,0.0,1
-0.16897604,0.56989825,0.90916085,0.5536247,1,0,0,0.03897918015087533,0.2769000440072502,0.0,0.0,0.0,0.0,0.0,-1.0,-1.0,0.0,0.0,0.0,-1
1.3659556000000002,0.43459517,0.5249579000000001,1.5258992,0,1,1,0.04927000819035194,0.7795694595807591,0.0,0.0,0.0,0.0,0.0,1.0,1.0,1.0,1.0,1.0,1
2.6159286,-0.17721316,0.6096188,1.1174064,0,1,1,0.14880585796186316,0.3954800512968097,-1.0,0.0,0.0,0.0,0.0,1.0,1.0,1.0,0.0,0.0,1
6.1456456,-1.7484604,1.8481450000000001,1.9532976000000002,0,1,1,0.42151715982162064,0.08189051743666051,-1.0,-1.0,-1.0,-1.0,0.0,1.0,0.0,0.0,0.0,0.0,1
3.9839455999999998,-0.15545672,1.5678283000000002,1.9052405,0,1,1,0.22078057738472387,0.2627843287013162,-1.0,-1.0,0.0,0.0,0.0,1.0,1.0,0.0,0.0,0.0,1
6.5529910000000005,-1.7307751,1.8386971999999997,1.8635950000000001,0,1,0,0.44234943939741384,0.01938461178504205,-1.0,-1.0,-1.0,-1.0,0.0,0.0,0.0,0.0,0.0,0.0,-1
-3.2717206,1.8713771000000001,0.022599041,0.0125101805,1,0,1,0.27444083863572694,0.00785076988165988,1.0,1.0,0.0,0.0,0.0,0.0,0.0,0.0,0.0,0.0,1
4.5865316,-3.6231527000000003,1.6649269,1.7613754000000001,0,1,0,0.43838882662469725,0.07511138829569639,-1.0,-1.0,-1.0,-1.0,0.0,0.0,0.0,0.0,0.0,0.0,-1
1.8653302,-1.4500232,0.56909025,1.5368066,0,1,1,0.17672470026112205,0.7536924330355587,-1.0,0.0,0.0,0.0,0.0,1.0,1.0,1.0,1.0,1.0,1
-2.4398593999999996,3.7339208,0.29221547,0.22728783,1,0,1,0.3295439040865581,0.050561580667767655,1.0,1.0,1.0,0.0,0.0,0.0,0.0,0.0,0.0,0.0,1
-2.4406877000000002,3.5670238,0.3025329,0.2087366,1,0,1,0.32066542361809725,0.07304574034729662,1.0,1.0,1.0,0.0,0.0,0.0,0.0,0.0,0.0,0.0,1
-2.6242537,3.7126849,0.30830812,0.2418127,1,0,1,0.33826679207005733,0.0517826354677609,1.0,1.0,1.0,0.0,0.0,0.0,0.0,0.0,0.0,0.0,1
6.8863080000000005,-6.763703,1.6645869999999998,1.7199292000000002,0,1,0,0.7292433606097067,0.04309602585647625,-1.0,-1.0,-1.0,-1.0,-1.0,0.0,0.0,0.0,0.0,0.0,-1
-1.8365933,0.62062263,0.30340165,0.0029731392999999997,1,0,1,0.1308463573425019,0.2339798335928048,1.0,0.0,0.0,0.0,0.0,-1.0,-1.0,0.0,0.0,0.0,1
6.968384299999999,-2.277883,1.9089267,1.9825696,0,1,0,0.4938073487148841,0.05734940169889998,-1.0,-1.0,-1.0,-1.0,0.0,0.0,0.0,0.0,0.0,0.0,-1
-2.9969106,3.5523605000000003,0.13424307,0.08146894,1,0,0,0.3496186600263277,0.041095901986916115,1.0,1.0,1.0,0.0,0.0,0.0,0.0,0.0,0.0,0.0,-1
2.9839919999999998,0.54503924,1.4128143,1.9449638999999999,0,1,1,0.12986995903181975,0.41445422945792576,-1.0,0.0,0.0,0.0,0.0,1.0,1.0,1.0,0.0,0.0,1
-0.8206318000000001,0.21223307,0.20015979,0.11923665,1,0,0,0.05469670923637725,0.06301956715394007,0.0,0.0,0.0,0.0,0.0,0.0,0.0,0.0,0.0,0.0,-1
2.6795526,-2.8227136,0.9531693999999999,1.8189654,0,1,1,0.293642955061859,0.6743124609830464,-1.0,-1.0,0.0,0.0,0.0,1.0,1.0,1.0,1.0,0.0,1
3.5151352999999994,-2.5993016,1.0968909,1.6809404,0,1,1,0.3263712512628531,0.45487611391503546,-1.0,-1.0,-1.0,0.0,0.0,1.0,1.0,1.0,0.0,0.0,1
6.997033,-6.7068377,1.6669281999999999,1.837131,0,1,1,0.7321228453921321,0.1325544236929709,-1.0,-1.0,-1.0,-1.0,-1.0,1.0,0.0,0.0,0.0,0.0,1
-4.3165054000000005,4.4400744,0.0050342083,0.004008293,1,0,1,0.46762733463396794,0.0007921565950154506,1.0,1.0,1.0,1.0,0.0,0.0,0.0,0.0,0.0,0.0,1
6.603318700000001,-2.3928921,1.9434273000000002,1.9501389999999998,0,1,0,0.48043865400443175,0.005220491373914604,-1.0,-1.0,-1.0,-1.0,0.0,0.0,0.0,0.0,0.0,0.0,-1
-4.397041000000001,2.985404,0.011740148,0.007902205,1,0,1,0.39416238318416175,0.0029822852615368086,1.0,1.0,1.0,0.0,0.0,0.0,0.0,0.0,0.0,0.0,1
5.6377354,-1.2899806,1.7399395,1.9340179,0,1,1,0.36985134477088605,0.15114977251915668,-1.0,-1.0,-1.0,0.0,0.0,1.0,0.0,0.0,0.0,0.0,1
1.2513496000000002,1.0980973,1.1434547,1.5565301999999999,0,1,0,0.007670249569036578,0.3217141757770068,0.0,0.0,0.0,0.0,0.0,1.0,1.0,0.0,0.0,0.0,-1
-2.1124527000000004,1.0603881000000002,0.37827224,0.124654055,1,0,0,0.16910559241232467,0.19752192949578193,1.0,0.0,0.0,0.0,0.0,-1.0,0.0,0.0,0.0,0.0,-1
-2.7895145,2.0357792000000003,0.26300764,0.04150057,1,0,1,0.2574501799095567,0.17251240577186414,1.0,1.0,0.0,0.0,0.0,-1.0,0.0,0.0,0.0,0.0,1
2.8670962,0.028497122000000003,1.0139267,1.5532215,0,1,0,0.1512361287474574,0.42001921992655755,-1.0,0.0,0.0,0.0,0.0,1.0,1.0,1.0,0.0,0.0,-1
5.8428059999999995,-5.0119739999999995,1.5924797,1.8860664,0,1,1,0.5798027746453652,0.22865113581895904,-1.0,-1.0,-1.0,-1.0,-1.0,1.0,0.0,0.0,0.0,0.0,1
6.750837,-2.478218,1.908886,1.9206482,0,1,0,0.4928871327478337,0.009154038980955162,-1.0,-1.0,-1.0,-1.0,0.0,0.0,0.0,0.0,0.0,0.0,-1
-3.0119932,2.4137003,0.35549158,0.0020874142999999998,1,0,1,0.2895491720589974,0.2752395625219492,1.0,1.0,0.0,0.0,0.0,-1.0,-1.0,0.0,0.0,0.0,1
-4.385706,4.094639,0.12904507,0.108956575,1,0,1,0.4528590774216864,0.015638917264840353,1.0,1.0,1.0,1.0,0.0,0.0,0.0,0.0,0.0,0.0,1
5.9589176,-1.7372366999999997,1.3754697,1.6913593,0,1,0,0.41093412820790515,0.24602159793658293,-1.0,-1.0,-1.0,0.0,0.0,1.0,1.0,0.0,0.0,0.0,-1
-3.7743455999999997,2.2116616000000002,0.029207467999999997,0.014524221,1,0,1,0.31950505321939104,0.011429076588499475,1.0,1.0,1.0,0.0,0.0,0.0,0.0,0.0,0.0,0.0,1
4.5109673,-5.1832747,1.5186323,1.7280630000000001,0,1,1,0.5177572840387267,0.16310680705584932,-1.0,-1.0,-1.0,-1.0,0.0,1.0,0.0,0.0,0.0,0.0,1
5.4941874,-3.3514109,1.707603,1.7273525,0,1,1,0.4723865036620973,0.015374893312548828,-1.0,-1.0,-1.0,-1.0,0.0,0.0,0.0,0.0,0.0,0.0,1
0.60040843,0.12012295,1.0704517,1.2431651000000001,0,1,0,0.025154325142390604,0.13450978744353723,0.0,0.0,0.0,0.0,0.0,1.0,0.0,0.0,0.0,0.0,-1
-0.9067311,1.3326691000000002,0.40683532,0.18385965,1,0,0,0.11920134112614957,0.17365621490278174,1.0,0.0,0.0,0.0,0.0,-1.0,0.0,0.0,0.0,0.0,-1
5.2181783,-3.4232699999999996,1.7136586,1.7338296999999998,0,1,1,0.4614720942180761,0.015703253607792265,-1.0,-1.0,-1.0,-1.0,0.0,0.0,0.0,0.0,0.0,0.0,1
-1.9996105,3.1936617000000003,0.302063,0.10482830000000001,1,0,1,0.277123302689849,0.1536080353272156,1.0,1.0,0.0,0.0,0.0,-1.0,0.0,0.0,0.0,0.0,1
-4.151701,2.8949964,0.03727299,0.007386684399999999,1,0,1,0.3762124112211571,0.0232698754748917,1.0,1.0,1.0,0.0,0.0,0.0,0.0,0.0,0.0,0.0,1
4.6223083,-1.5453106,1.7120587,1.8965199000000001,0,1,0,0.32921450437601474,0.14365948164767312,-1.0,-1.0,-1.0,0.0,0.0,1.0,0.0,0.0,0.0,0.0,-1
5.866341,-2.0252337,1.8392583999999998,1.8917315,0,1,0,0.4213818296985462,0.04086144681690382,-1.0,-1.0,-1.0,-1.0,0.0,0.0,0.0,0.0,0.0,0.0,-1
4.0110965,-0.6019972,1.610776,1.9729416000000002,0,1,1,0.24610539576054244,0.28206334609288414,-1.0,-1.0,0.0,0.0,0.0,1.0,1.0,0.0,0.0,0.0,1
-4.0040483,2.720891,0.033692956,0.0259099,1,0,1,0.359010355647656,0.006054909714690707,1.0,1.0,1.0,0.0,0.0,0.0,0.0,0.0,0.0,0.0,1
2.4113305,0.8423574,1.2822837,1.9420973999999998,0,1,0,0.08335850070602893,0.513884546270114,0.0,0.0,0.0,0.0,0.0,1.0,1.0,1.0,0.0,0.0,-1
6.823142999999999,-2.7143092,1.9465071,1.9636993000000003,0,1,0,0.5093748785827084,0.013383157584307318,-1.0,-1.0,-1.0,-1.0,0.0,0.0,0.0,0.0,0.0,0.0,-1
4.2333245,-0.82606685,1.6891859,1.9107656000000002,0,1,1,0.2699656714696014,0.17256897315384612,-1.0,-1.0,0.0,0.0,0.0,1.0,0.0,0.0,0.0,0.0,1
-3.8146138,4.4671072999999994,0.018879592,0.0071423054,1,0,1,0.44224010818353654,0.009134635348650838,1.0,1.0,1.0,1.0,0.0,0.0,0.0,0.0,0.0,0.0,1
-3.5534239999999997,4.2299695,0.043730497,0.031829357,1,0,1,0.41559817106055685,0.009262251455863077,1.0,1.0,1.0,1.0,0.0,0.0,0.0,0.0,0.0,0.0,1
5.220754,-0.835809,1.670525,1.8676764,0,1,0,0.32327715652505096,0.15354315768823587,-1.0,-1.0,-1.0,0.0,0.0,1.0,0.0,0.0,0.0,0.0,-1
5.757439,-1.7996336,1.8062668000000002,1.9189787,0,1,0,0.4034984455237489,0.08777802687649801,-1.0,-1.0,-1.0,0.0,0.0,1.0,0.0,0.0,0.0,0.0,-1
-4.210659,3.200775,0.024818599999999996,0.002696395,1,0,0,0.3957122132864038,0.017222858479356524,1.0,1.0,1.0,0.0,0.0,0.0,0.0,0.0,0.0,0.0,-1
-1.7106404,1.6313341000000001,0.61946577,0.052951574,1,0,0,0.17814793604486062,0.441218861546374,1.0,0.0,0.0,0.0,0.0,-1.0,-1.0,-1.0,0.0,0.0,-1
5.484739299999999,-1.0996211999999999,1.7779848999999999,1.9533721999999998,0,1,0,0.3514946339609102,0.136592336289486,-1.0,-1.0,-1.0,0.0,0.0,1.0,0.0,0.0,0.0,0.0,-1
6.3251967,-1.7390325,1.853519,1.9436745999999998,0,1,0,0.43061240479211815,0.07021020589071764,-1.0,-1.0,-1.0,-1.0,0.0,0.0,0.0,0.0,0.0,0.0,-1
2.4697017999999997,0.42157394,1.4126405,1.958734,0,1,0,0.1089754061074084,0.4253143412246439,-1.0,0.0,0.0,0.0,0.0,1.0,1.0,1.0,0.0,0.0,-1
3.4219995,-2.2289886,1.5758433,1.6484546999999998,0,1,1,0.3015940288306209,0.05654602493290406,-1.0,-1.0,0.0,0.0,0.0,0.0,0.0,0.0,0.0,0.0,1
0.79228014,-0.9258687,0.82646143,1.5622649,0,1,1,0.09133383798486713,0.5730686622869532,-1.0,0.0,0.0,0.0,0.0,1.0,1.0,1.0,1.0,0.0,1
-4.2317066,3.045445,0.0045402646,0.0032666326,1,0,1,0.388533114120468,0.0009850890635846848,1.0,1.0,1.0,0.0,0.0,0.0,0.0,0.0,0.0,0.0,1
2.0689254,-3.0137305,0.6829053,1.0713424999999999,0,1,0,0.27120945704016663,0.3025248032383389,-1.0,-1.0,0.0,0.0,0.0,1.0,1.0,0.0,0.0,0.0,-1
3.9053452000000006,-0.09596827,1.4570638,1.6818514,0,1,0,0.2133979751385618,0.17506742427128477,-1.0,-1.0,0.0,0.0,0.0,1.0,0.0,0.0,0.0,0.0,-1
1.5937457,1.5629803999999998,1.1356754,1.7130857,0,1,0,0.001121764290712808,0.44970521810815256,0.0,0.0,0.0,0.0,0.0,1.0,1.0,1.0,0.0,0.0,-1
4.8798423,-0.89174175,1.6434392,1.8809574,0,1,0,0.3080414134771587,0.18498256557733128,-1.0,-1.0,-1.0,0.0,0.0,1.0,0.0,0.0,0.0,0.0,-1
4.8403273,-0.9860165999999999,1.7127677,1.8256702,0,1,0,0.31096902270563376,0.0879264743913783,-1.0,-1.0,-1.0,0.0,0.0,1.0,0.0,0.0,0.0,0.0,-1
-3.9923906000000002,2.5975669999999997,0.0052931905,0.004218042,1,0,1,0.35179387001821677,0.0008305015382976864,1.0,1.0,1.0,0.0,0.0,0.0,0.0,0.0,0.0,0.0,1
